Entity,Code,Year,"6.1.1 - Proportion of population using safely managed drinking water services, by urban/rural (%) - SH_H2O_SAFE - All areas"
Afghanistan,AFG,2000,11.09
Afghanistan,AFG,2001,11.11
Afghanistan,AFG,2002,12.01
Afghanistan,AFG,2003,12.91
Afghanistan,AFG,2004,13.82
Afghanistan,AFG,2005,14.73
Afghanistan,AFG,2006,15.65
Afghanistan,AFG,2007,16.56
Afghanistan,AFG,2008,17.48
Afghanistan,AFG,2009,18.39
Afghanistan,AFG,2010,19.3
Afghanistan,AFG,2011,20.21
Afghanistan,AFG,2012,21.12
Afghanistan,AFG,2013,22.03
Afghanistan,AFG,2014,22.94
Afghanistan,AFG,2015,23.85
Afghanistan,AFG,2016,24.76
Afghanistan,AFG,2017,25.67
Afghanistan,AFG,2018,26.58
Afghanistan,AFG,2019,27.49
Afghanistan,AFG,2020,28.4
Afghanistan,AFG,2021,29.31
Afghanistan,AFG,2022,30.03
Algeria,DZA,2000,70.08
Algeria,DZA,2001,70.64
Algeria,DZA,2002,71.19
Algeria,DZA,2003,71.73
Algeria,DZA,2004,72.25
Algeria,DZA,2005,72.75
Algeria,DZA,2006,73.24
Algeria,DZA,2007,73.72
Algeria,DZA,2008,74.18
Algeria,DZA,2009,74.63
Algeria,DZA,2010,75.06
Algeria,DZA,2011,75.47
Algeria,DZA,2012,75.87
Algeria,DZA,2013,76.25
Algeria,DZA,2014,76.62
Algeria,DZA,2015,76.97
Algeria,DZA,2016,76.39
Algeria,DZA,2017,75.73
Algeria,DZA,2018,75.04
Algeria,DZA,2019,73.95
Algeria,DZA,2020,72.25
Algeria,DZA,2021,70.55
Algeria,DZA,2022,70.6
American Samoa,ASM,2000,80.58
American Samoa,ASM,2001,81.62
American Samoa,ASM,2002,82.66
American Samoa,ASM,2003,83.71
American Samoa,ASM,2004,84.77
American Samoa,ASM,2005,85.83
American Samoa,ASM,2006,86.89
American Samoa,ASM,2007,87.56
American Samoa,ASM,2008,87.79
American Samoa,ASM,2009,88.02
American Samoa,ASM,2010,88.25
American Samoa,ASM,2011,88.48
American Samoa,ASM,2012,88.71
American Samoa,ASM,2013,88.94
American Samoa,ASM,2014,89.17
American Samoa,ASM,2015,89.4
American Samoa,ASM,2016,89.62
American Samoa,ASM,2017,89.85
American Samoa,ASM,2018,89.85
American Samoa,ASM,2019,89.85
American Samoa,ASM,2020,89.85
American Samoa,ASM,2021,89.85
Andorra,AND,2000,90.64
Andorra,AND,2001,90.64
Andorra,AND,2002,90.64
Andorra,AND,2003,90.64
Andorra,AND,2004,90.64
Andorra,AND,2005,90.64
Andorra,AND,2006,90.64
Andorra,AND,2007,90.64
Andorra,AND,2008,90.64
Andorra,AND,2009,90.64
Andorra,AND,2010,90.64
Andorra,AND,2011,90.64
Andorra,AND,2012,90.64
Andorra,AND,2013,90.64
Andorra,AND,2014,90.64
Andorra,AND,2015,90.64
Andorra,AND,2016,90.64
Andorra,AND,2017,90.64
Andorra,AND,2018,90.64
Andorra,AND,2019,90.64
Andorra,AND,2020,90.64
Andorra,AND,2021,90.64
Andorra,AND,2022,90.64
Armenia,ARM,2000,82.35
Armenia,ARM,2001,82.46
Armenia,ARM,2002,82.57
Armenia,ARM,2003,82.69
Armenia,ARM,2004,82.81
Armenia,ARM,2005,82.93
Armenia,ARM,2006,83.05
Armenia,ARM,2007,83.17
Armenia,ARM,2008,83.29
Armenia,ARM,2009,83.27
Armenia,ARM,2010,83.24
Armenia,ARM,2011,83.22
Armenia,ARM,2012,83.19
Armenia,ARM,2013,83.17
Armenia,ARM,2014,83.15
Armenia,ARM,2015,83.08
Armenia,ARM,2016,82.93
Armenia,ARM,2017,82.79
Armenia,ARM,2018,82.96
Armenia,ARM,2019,82.82
Armenia,ARM,2020,82.69
Armenia,ARM,2021,82.55
Armenia,ARM,2022,82.41
Asia (UN),,2000,56.2
Asia (UN),,2001,56.74
Asia (UN),,2002,57.85
Asia (UN),,2003,58.79
Asia (UN),,2004,59.74
Asia (UN),,2005,60.41
Asia (UN),,2006,60.83
Asia (UN),,2007,61.26
Asia (UN),,2008,61.67
Asia (UN),,2009,62.52
Asia (UN),,2010,63.38
Asia (UN),,2011,64.39
Asia (UN),,2012,65.47
Asia (UN),,2013,66.53
Asia (UN),,2014,67.6
Asia (UN),,2015,68.7
Asia (UN),,2016,69.79
Asia (UN),,2017,70.86
Asia (UN),,2018,71.92
Asia (UN),,2019,72.95
Asia (UN),,2020,73.95
Asia (UN),,2021,74.92
Asia (UN),,2022,75.69
Austria,AUT,2000,96.72
Austria,AUT,2001,96.89
Austria,AUT,2002,97.06
Austria,AUT,2003,97.23
Austria,AUT,2004,97.4
Austria,AUT,2005,97.58
Austria,AUT,2006,97.75
Austria,AUT,2007,97.92
Austria,AUT,2008,98.09
Austria,AUT,2009,98.26
Austria,AUT,2010,98.43
Austria,AUT,2011,98.6
Austria,AUT,2012,98.77
Austria,AUT,2013,98.91
Austria,AUT,2014,98.91
Austria,AUT,2015,98.91
Austria,AUT,2016,98.91
Austria,AUT,2017,98.91
Austria,AUT,2018,98.9
Austria,AUT,2019,98.9
Austria,AUT,2020,98.9
Austria,AUT,2021,98.9
Austria,AUT,2022,98.9
Azerbaijan,AZE,2000,57.75
Azerbaijan,AZE,2001,59.49
Azerbaijan,AZE,2002,60.11
Azerbaijan,AZE,2003,60.73
Azerbaijan,AZE,2004,61.34
Azerbaijan,AZE,2005,61.95
Azerbaijan,AZE,2006,62.56
Azerbaijan,AZE,2007,63.17
Azerbaijan,AZE,2008,63.77
Azerbaijan,AZE,2009,64.36
Azerbaijan,AZE,2010,64.96
Azerbaijan,AZE,2011,65.55
Azerbaijan,AZE,2012,66.14
Azerbaijan,AZE,2013,66.73
Azerbaijan,AZE,2014,67.31
Azerbaijan,AZE,2015,67.89
Azerbaijan,AZE,2016,68.47
Azerbaijan,AZE,2017,69.04
Azerbaijan,AZE,2018,69.6
Azerbaijan,AZE,2019,70.16
Azerbaijan,AZE,2020,70.67
Azerbaijan,AZE,2021,71.15
Azerbaijan,AZE,2022,71.61
Bahrain,BHR,2000,98.88
Bahrain,BHR,2001,98.89
Bahrain,BHR,2002,98.9
Bahrain,BHR,2003,98.9
Bahrain,BHR,2004,98.91
Bahrain,BHR,2005,98.91
Bahrain,BHR,2006,98.92
Bahrain,BHR,2007,98.93
Bahrain,BHR,2008,98.93
Bahrain,BHR,2009,98.93
Bahrain,BHR,2010,98.92
Bahrain,BHR,2011,98.92
Bahrain,BHR,2012,98.92
Bahrain,BHR,2013,98.92
Bahrain,BHR,2014,98.92
Bahrain,BHR,2015,98.91
Bahrain,BHR,2016,98.91
Bahrain,BHR,2017,98.91
Bahrain,BHR,2018,98.91
Bahrain,BHR,2019,98.91
Bahrain,BHR,2020,98.9
Bahrain,BHR,2021,98.9
Bahrain,BHR,2022,98.9
Bangladesh,BGD,2000,55.32
Bangladesh,BGD,2001,55.33
Bangladesh,BGD,2002,55.3
Bangladesh,BGD,2003,55.28
Bangladesh,BGD,2004,55.25
Bangladesh,BGD,2005,55.22
Bangladesh,BGD,2006,55.18
Bangladesh,BGD,2007,55.14
Bangladesh,BGD,2008,55.1
Bangladesh,BGD,2009,55.06
Bangladesh,BGD,2010,55.01
Bangladesh,BGD,2011,54.96
Bangladesh,BGD,2012,55.3
Bangladesh,BGD,2013,55.67
Bangladesh,BGD,2014,56.05
Bangladesh,BGD,2015,56.44
Bangladesh,BGD,2016,56.85
Bangladesh,BGD,2017,57.28
Bangladesh,BGD,2018,57.72
Bangladesh,BGD,2019,58.18
Bangladesh,BGD,2020,58.66
Bangladesh,BGD,2021,59.13
Bangladesh,BGD,2022,59.11
Belarus,BLR,2000,81.81
Belarus,BLR,2001,81.96
Belarus,BLR,2002,82.11
Belarus,BLR,2003,82.26
Belarus,BLR,2004,83.36
Belarus,BLR,2005,84.45
Belarus,BLR,2006,85.51
Belarus,BLR,2007,86.56
Belarus,BLR,2008,87.59
Belarus,BLR,2009,88.6
Belarus,BLR,2010,89.6
Belarus,BLR,2011,90.59
Belarus,BLR,2012,91.56
Belarus,BLR,2013,92.31
Belarus,BLR,2014,92.4
Belarus,BLR,2015,92.5
Belarus,BLR,2016,92.59
Belarus,BLR,2017,92.68
Belarus,BLR,2018,92.77
Belarus,BLR,2019,92.85
Belarus,BLR,2020,92.94
Belarus,BLR,2021,93.02
Belarus,BLR,2022,93.1
Belgium,BEL,2000,99.63
Belgium,BEL,2001,99.63
Belgium,BEL,2002,99.63
Belgium,BEL,2003,99.63
Belgium,BEL,2004,99.63
Belgium,BEL,2005,99.63
Belgium,BEL,2006,99.63
Belgium,BEL,2007,99.63
Belgium,BEL,2008,99.63
Belgium,BEL,2009,99.63
Belgium,BEL,2010,99.64
Belgium,BEL,2011,99.65
Belgium,BEL,2012,99.66
Belgium,BEL,2013,99.66
Belgium,BEL,2014,99.67
Belgium,BEL,2015,99.68
Belgium,BEL,2016,99.69
Belgium,BEL,2017,99.7
Belgium,BEL,2018,99.71
Belgium,BEL,2019,99.71
Belgium,BEL,2020,99.72
Belgium,BEL,2021,99.73
Belgium,BEL,2022,99.74
Bhutan,BTN,2000,22.29
Bhutan,BTN,2001,22.75
Bhutan,BTN,2002,23.2
Bhutan,BTN,2003,23.66
Bhutan,BTN,2004,24.12
Bhutan,BTN,2005,24.56
Bhutan,BTN,2006,24.92
Bhutan,BTN,2007,25.27
Bhutan,BTN,2008,25.62
Bhutan,BTN,2009,25.97
Bhutan,BTN,2010,26.32
Bhutan,BTN,2011,30.24
Bhutan,BTN,2012,34.17
Bhutan,BTN,2013,38.09
Bhutan,BTN,2014,42.76
Bhutan,BTN,2015,47.46
Bhutan,BTN,2016,52.09
Bhutan,BTN,2017,56.59
Bhutan,BTN,2018,60.83
Bhutan,BTN,2019,65.01
Bhutan,BTN,2020,69.14
Bhutan,BTN,2021,72.67
Bhutan,BTN,2022,73.34
Bonaire Sint Eustatius and Saba,BES,2000,83.56
Bonaire Sint Eustatius and Saba,BES,2001,84.33
Bonaire Sint Eustatius and Saba,BES,2002,85.11
Bonaire Sint Eustatius and Saba,BES,2003,85.88
Bonaire Sint Eustatius and Saba,BES,2004,86.66
Bonaire Sint Eustatius and Saba,BES,2005,87.44
Bonaire Sint Eustatius and Saba,BES,2006,88.21
Bonaire Sint Eustatius and Saba,BES,2007,88.99
Bonaire Sint Eustatius and Saba,BES,2008,89.77
Bonaire Sint Eustatius and Saba,BES,2009,90.55
Bonaire Sint Eustatius and Saba,BES,2010,91.34
Bonaire Sint Eustatius and Saba,BES,2011,92.12
Bonaire Sint Eustatius and Saba,BES,2012,92.9
Bonaire Sint Eustatius and Saba,BES,2013,93.69
Bonaire Sint Eustatius and Saba,BES,2014,94.47
Bonaire Sint Eustatius and Saba,BES,2015,95.26
Bonaire Sint Eustatius and Saba,BES,2016,96.05
Bonaire Sint Eustatius and Saba,BES,2017,96.84
Bonaire Sint Eustatius and Saba,BES,2018,97.63
Bonaire Sint Eustatius and Saba,BES,2019,98.42
Bonaire Sint Eustatius and Saba,BES,2020,99.21
Bonaire Sint Eustatius and Saba,BES,2021,100
Bonaire Sint Eustatius and Saba,BES,2022,100
Bosnia and Herzegovina,BIH,2000,87.35
Bosnia and Herzegovina,BIH,2001,87.47
Bosnia and Herzegovina,BIH,2002,87.59
Bosnia and Herzegovina,BIH,2003,87.72
Bosnia and Herzegovina,BIH,2004,87.84
Bosnia and Herzegovina,BIH,2005,87.95
Bosnia and Herzegovina,BIH,2006,88.07
Bosnia and Herzegovina,BIH,2007,88.19
Bosnia and Herzegovina,BIH,2008,88.31
Bosnia and Herzegovina,BIH,2009,88.42
Bosnia and Herzegovina,BIH,2010,88.54
Bosnia and Herzegovina,BIH,2011,88.65
Bosnia and Herzegovina,BIH,2012,88.7
Bosnia and Herzegovina,BIH,2013,88.8
Bosnia and Herzegovina,BIH,2014,88.82
Bosnia and Herzegovina,BIH,2015,88.83
Bosnia and Herzegovina,BIH,2016,88.83
Bosnia and Herzegovina,BIH,2017,88.84
Bosnia and Herzegovina,BIH,2018,88.85
Bosnia and Herzegovina,BIH,2019,88.72
Bosnia and Herzegovina,BIH,2020,88.14
Bosnia and Herzegovina,BIH,2021,87.55
Bosnia and Herzegovina,BIH,2022,86.97
Brazil,BRA,2000,76.03
Brazil,BRA,2001,76.6
Brazil,BRA,2002,76.98
Brazil,BRA,2003,77.27
Brazil,BRA,2004,77.54
Brazil,BRA,2005,77.81
Brazil,BRA,2006,78.08
Brazil,BRA,2007,78.34
Brazil,BRA,2008,78.59
Brazil,BRA,2009,78.84
Brazil,BRA,2010,79.09
Brazil,BRA,2011,79.33
Brazil,BRA,2012,79.57
Brazil,BRA,2013,80.38
Brazil,BRA,2014,81.19
Brazil,BRA,2015,82
Brazil,BRA,2016,82.74
Brazil,BRA,2017,83.61
Brazil,BRA,2018,84.4
Brazil,BRA,2019,85.19
Brazil,BRA,2020,85.92
Brazil,BRA,2021,86.64
Brazil,BRA,2022,87.26
Bulgaria,BGR,2000,89.66
Bulgaria,BGR,2001,90.18
Bulgaria,BGR,2002,90.7
Bulgaria,BGR,2003,91.23
Bulgaria,BGR,2004,91.75
Bulgaria,BGR,2005,92.27
Bulgaria,BGR,2006,92.79
Bulgaria,BGR,2007,93.31
Bulgaria,BGR,2008,93.83
Bulgaria,BGR,2009,94.35
Bulgaria,BGR,2010,94.88
Bulgaria,BGR,2011,95.4
Bulgaria,BGR,2012,95.92
Bulgaria,BGR,2013,96.45
Bulgaria,BGR,2014,96.92
Bulgaria,BGR,2015,96.76
Bulgaria,BGR,2016,96.6
Bulgaria,BGR,2017,96.44
Bulgaria,BGR,2018,96.28
Bulgaria,BGR,2019,96.12
Bulgaria,BGR,2020,95.97
Bulgaria,BGR,2021,95.81
Bulgaria,BGR,2022,95.65
Cambodia,KHM,2000,16.96
Cambodia,KHM,2001,17.45
Cambodia,KHM,2002,17.93
Cambodia,KHM,2003,18.41
Cambodia,KHM,2004,18.89
Cambodia,KHM,2005,19.38
Cambodia,KHM,2006,19.86
Cambodia,KHM,2007,20.35
Cambodia,KHM,2008,20.85
Cambodia,KHM,2009,21.42
Cambodia,KHM,2010,21.99
Cambodia,KHM,2011,22.57
Cambodia,KHM,2012,23.15
Cambodia,KHM,2013,23.73
Cambodia,KHM,2014,24.32
Cambodia,KHM,2015,24.91
Cambodia,KHM,2016,25.5
Cambodia,KHM,2017,26.09
Cambodia,KHM,2018,26.69
Cambodia,KHM,2019,27.3
Cambodia,KHM,2020,27.9
Cambodia,KHM,2021,28.47
Cambodia,KHM,2022,29.13
Canada,CAN,2000,98.17
Canada,CAN,2001,98.18
Canada,CAN,2002,98.18
Canada,CAN,2003,98.18
Canada,CAN,2004,98.18
Canada,CAN,2005,98.24
Canada,CAN,2006,98.3
Canada,CAN,2007,98.36
Canada,CAN,2008,98.42
Canada,CAN,2009,98.48
Canada,CAN,2010,98.54
Canada,CAN,2011,98.6
Canada,CAN,2012,98.65
Canada,CAN,2013,98.71
Canada,CAN,2014,98.76
Canada,CAN,2015,98.82
Canada,CAN,2016,98.87
Canada,CAN,2017,98.93
Canada,CAN,2018,98.98
Canada,CAN,2019,99.04
Canada,CAN,2020,99.04
Canada,CAN,2021,99.04
Canada,CAN,2022,99.04
Central African Republic,CAF,2000,8.53
Central African Republic,CAF,2001,8.4
Central African Republic,CAF,2002,8.26
Central African Republic,CAF,2003,8.13
Central African Republic,CAF,2004,7.99
Central African Republic,CAF,2005,7.86
Central African Republic,CAF,2006,7.74
Central African Republic,CAF,2007,7.61
Central African Republic,CAF,2008,7.49
Central African Republic,CAF,2009,7.37
Central African Republic,CAF,2010,7.25
Central African Republic,CAF,2011,7.14
Central African Republic,CAF,2012,7.02
Central African Republic,CAF,2013,6.91
Central African Republic,CAF,2014,6.8
Central African Republic,CAF,2015,6.7
Central African Republic,CAF,2016,6.59
Central African Republic,CAF,2017,6.49
Central African Republic,CAF,2018,6.39
Central African Republic,CAF,2019,6.28
Central African Republic,CAF,2020,6.18
Central African Republic,CAF,2021,6.08
Central African Republic,CAF,2022,6.13
Central and Southern Asia (UN),,2000,44.72
Central and Southern Asia (UN),,2001,45.62
Central and Southern Asia (UN),,2002,46.49
Central and Southern Asia (UN),,2003,47.36
Central and Southern Asia (UN),,2004,48.27
Central and Southern Asia (UN),,2005,49.29
Central and Southern Asia (UN),,2006,50.31
Central and Southern Asia (UN),,2007,51.34
Central and Southern Asia (UN),,2008,52.31
Central and Southern Asia (UN),,2009,53.42
Central and Southern Asia (UN),,2010,54.46
Central and Southern Asia (UN),,2011,55.49
Central and Southern Asia (UN),,2012,56.61
Central and Southern Asia (UN),,2013,57.73
Central and Southern Asia (UN),,2014,58.87
Central and Southern Asia (UN),,2015,60.03
Central and Southern Asia (UN),,2016,61.17
Central and Southern Asia (UN),,2017,62.3
Central and Southern Asia (UN),,2018,63.41
Central and Southern Asia (UN),,2019,64.52
Central and Southern Asia (UN),,2020,65.6
Central and Southern Asia (UN),,2021,66.68
Central and Southern Asia (UN),,2022,67.52
Chad,TCD,2000,5.52
Chad,TCD,2001,5.55
Chad,TCD,2002,5.59
Chad,TCD,2003,5.62
Chad,TCD,2004,5.65
Chad,TCD,2005,5.68
Chad,TCD,2006,5.7
Chad,TCD,2007,5.73
Chad,TCD,2008,5.76
Chad,TCD,2009,5.78
Chad,TCD,2010,5.81
Chad,TCD,2011,5.83
Chad,TCD,2012,5.86
Chad,TCD,2013,5.89
Chad,TCD,2014,5.93
Chad,TCD,2015,5.96
Chad,TCD,2016,5.99
Chad,TCD,2017,6.03
Chad,TCD,2018,6.07
Chad,TCD,2019,6.11
Chad,TCD,2020,6.16
Chad,TCD,2021,6.2
Chad,TCD,2022,6.25
Channel Islands,OWID_CIS,2009,91.97
Channel Islands,OWID_CIS,2010,91.97
Channel Islands,OWID_CIS,2011,91.97
Channel Islands,OWID_CIS,2012,91.97
Channel Islands,OWID_CIS,2013,91.97
Channel Islands,OWID_CIS,2014,91.97
Channel Islands,OWID_CIS,2015,91.97
Channel Islands,OWID_CIS,2016,91.97
Channel Islands,OWID_CIS,2017,91.97
Chile,CHL,2000,92.09
Chile,CHL,2001,92.59
Chile,CHL,2002,93.07
Chile,CHL,2003,93.48
Chile,CHL,2004,93.88
Chile,CHL,2005,94.29
Chile,CHL,2006,94.71
Chile,CHL,2007,95.12
Chile,CHL,2008,95.54
Chile,CHL,2009,95.96
Chile,CHL,2010,96.38
Chile,CHL,2011,96.8
Chile,CHL,2012,97.23
Chile,CHL,2013,97.66
Chile,CHL,2014,98.09
Chile,CHL,2015,98.38
Chile,CHL,2016,98.58
Chile,CHL,2017,98.77
Chile,CHL,2018,98.77
Chile,CHL,2019,98.77
Chile,CHL,2020,98.77
Chile,CHL,2021,98.77
Chile,CHL,2022,98.77
Colombia,COL,2000,68.55
Colombia,COL,2001,68.86
Colombia,COL,2002,69.18
Colombia,COL,2003,69.48
Colombia,COL,2004,69.79
Colombia,COL,2005,70.09
Colombia,COL,2006,70.38
Colombia,COL,2007,70.64
Colombia,COL,2008,70.88
Colombia,COL,2009,71.13
Colombia,COL,2010,71.37
Colombia,COL,2011,71.61
Colombia,COL,2012,71.84
Colombia,COL,2013,72.07
Colombia,COL,2014,72.29
Colombia,COL,2015,72.51
Colombia,COL,2016,72.72
Colombia,COL,2017,72.93
Colombia,COL,2018,73.13
Colombia,COL,2019,73.27
Colombia,COL,2020,73.41
Colombia,COL,2021,73.72
Colombia,COL,2022,73.86
Congo,COG,2000,27.42
Congo,COG,2001,27.58
Congo,COG,2002,27.78
Congo,COG,2003,27.98
Congo,COG,2004,29.58
Congo,COG,2005,31.2
Congo,COG,2006,32.84
Congo,COG,2007,34.5
Congo,COG,2008,36.19
Congo,COG,2009,37.9
Congo,COG,2010,39.63
Congo,COG,2011,41.39
Congo,COG,2012,42.43
Congo,COG,2013,43.01
Congo,COG,2014,43.6
Congo,COG,2015,44.18
Congo,COG,2016,44.77
Congo,COG,2017,45.35
Congo,COG,2018,45.54
Congo,COG,2019,45.72
Congo,COG,2020,45.9
Congo,COG,2021,46.08
Costa Rica,CRI,2000,76.41
Costa Rica,CRI,2001,76.75
Costa Rica,CRI,2002,77.09
Costa Rica,CRI,2003,77.4
Costa Rica,CRI,2004,77.71
Costa Rica,CRI,2005,78
Costa Rica,CRI,2006,78.27
Costa Rica,CRI,2007,78.53
Costa Rica,CRI,2008,78.78
Costa Rica,CRI,2009,79.01
Costa Rica,CRI,2010,79.23
Costa Rica,CRI,2011,79.44
Costa Rica,CRI,2012,79.63
Costa Rica,CRI,2013,79.81
Costa Rica,CRI,2014,79.99
Costa Rica,CRI,2015,80.15
Costa Rica,CRI,2016,80.3
Costa Rica,CRI,2017,80.44
Costa Rica,CRI,2018,80.53
Costa Rica,CRI,2019,80.52
Costa Rica,CRI,2020,80.52
Costa Rica,CRI,2021,80.51
Costa Rica,CRI,2022,80.51
Cote d'Ivoire,CIV,2000,23.09
Cote d'Ivoire,CIV,2001,23.56
Cote d'Ivoire,CIV,2002,24.01
Cote d'Ivoire,CIV,2003,24.09
Cote d'Ivoire,CIV,2004,24.16
Cote d'Ivoire,CIV,2005,24.24
Cote d'Ivoire,CIV,2006,24.32
Cote d'Ivoire,CIV,2007,24.4
Cote d'Ivoire,CIV,2008,24.47
Cote d'Ivoire,CIV,2009,24.55
Cote d'Ivoire,CIV,2010,24.63
Cote d'Ivoire,CIV,2011,24.7
Cote d'Ivoire,CIV,2012,28.74
Cote d'Ivoire,CIV,2013,31.51
Cote d'Ivoire,CIV,2014,33.25
Cote d'Ivoire,CIV,2015,35.01
Cote d'Ivoire,CIV,2016,36.79
Cote d'Ivoire,CIV,2017,38.58
Cote d'Ivoire,CIV,2018,40.38
Cote d'Ivoire,CIV,2019,42.15
Cote d'Ivoire,CIV,2020,43.64
Cote d'Ivoire,CIV,2021,43.77
Cote d'Ivoire,CIV,2022,43.89
Croatia,HRV,2000,85.12
Croatia,HRV,2001,85.17
Croatia,HRV,2002,85.21
Croatia,HRV,2003,85.25
Croatia,HRV,2004,85.29
Croatia,HRV,2005,85.33
Croatia,HRV,2006,85.38
Croatia,HRV,2007,85.42
Cyprus,CYP,2000,95.85
Cyprus,CYP,2001,95.85
Cyprus,CYP,2002,95.85
Cyprus,CYP,2003,95.85
Cyprus,CYP,2004,96.11
Cyprus,CYP,2005,96.37
Cyprus,CYP,2006,96.63
Cyprus,CYP,2007,96.89
Cyprus,CYP,2008,97.14
Cyprus,CYP,2009,97.4
Cyprus,CYP,2010,97.66
Cyprus,CYP,2011,97.92
Cyprus,CYP,2012,98.18
Cyprus,CYP,2013,98.44
Cyprus,CYP,2014,98.7
Cyprus,CYP,2015,98.96
Cyprus,CYP,2016,99.22
Cyprus,CYP,2017,99.48
Cyprus,CYP,2018,99.74
Cyprus,CYP,2019,99.77
Cyprus,CYP,2020,99.77
Cyprus,CYP,2021,99.77
Cyprus,CYP,2022,99.77
Czechia,CZE,2000,96.32
Czechia,CZE,2001,96.32
Czechia,CZE,2002,96.44
Czechia,CZE,2003,96.55
Czechia,CZE,2004,96.67
Czechia,CZE,2005,96.79
Czechia,CZE,2006,96.91
Czechia,CZE,2007,97.03
Czechia,CZE,2008,97.15
Czechia,CZE,2009,97.27
Czechia,CZE,2010,97.39
Czechia,CZE,2011,97.51
Czechia,CZE,2012,97.64
Czechia,CZE,2013,97.76
Czechia,CZE,2014,97.88
Czechia,CZE,2015,97.88
Czechia,CZE,2016,97.88
Czechia,CZE,2017,97.88
Czechia,CZE,2018,97.88
Czechia,CZE,2019,97.88
Czechia,CZE,2020,97.88
Czechia,CZE,2021,97.88
Czechia,CZE,2022,97.88
Democratic Republic of Congo,COD,2000,12.21
Democratic Republic of Congo,COD,2001,12.21
Democratic Republic of Congo,COD,2002,12.21
Democratic Republic of Congo,COD,2003,12.2
Democratic Republic of Congo,COD,2004,12.18
Democratic Republic of Congo,COD,2005,12.16
Democratic Republic of Congo,COD,2006,12.14
Democratic Republic of Congo,COD,2007,12.11
Democratic Republic of Congo,COD,2008,12.07
Democratic Republic of Congo,COD,2009,12.03
Democratic Republic of Congo,COD,2010,11.99
Democratic Republic of Congo,COD,2011,11.94
Democratic Republic of Congo,COD,2012,11.88
Democratic Republic of Congo,COD,2013,11.82
Democratic Republic of Congo,COD,2014,11.75
Democratic Republic of Congo,COD,2015,11.67
Democratic Republic of Congo,COD,2016,11.59
Democratic Republic of Congo,COD,2017,11.5
Democratic Republic of Congo,COD,2018,11.4
Democratic Republic of Congo,COD,2019,11.3
Democratic Republic of Congo,COD,2020,11.19
Democratic Republic of Congo,COD,2021,11.38
Democratic Republic of Congo,COD,2022,11.58
Denmark,DNK,2000,94.02
Denmark,DNK,2001,94.02
Denmark,DNK,2002,94.02
Denmark,DNK,2003,94.02
Denmark,DNK,2004,94.42
Denmark,DNK,2005,94.82
Denmark,DNK,2006,95.21
Denmark,DNK,2007,95.61
Denmark,DNK,2008,96.01
Denmark,DNK,2009,96.4
Denmark,DNK,2010,96.8
Denmark,DNK,2011,97.2
Denmark,DNK,2012,97.59
Denmark,DNK,2013,97.99
Denmark,DNK,2014,98.39
Denmark,DNK,2015,98.78
Denmark,DNK,2016,99.18
Denmark,DNK,2017,99.58
Denmark,DNK,2018,99.92
Denmark,DNK,2019,99.92
Denmark,DNK,2020,99.92
Denmark,DNK,2021,99.92
Denmark,DNK,2022,99.92
Dominican Republic,DOM,2000,41.96
Dominican Republic,DOM,2001,42.08
Dominican Republic,DOM,2002,42.2
Dominican Republic,DOM,2003,42.38
Dominican Republic,DOM,2004,42.57
Dominican Republic,DOM,2005,42.76
Dominican Republic,DOM,2006,42.95
Dominican Republic,DOM,2007,43.13
Dominican Republic,DOM,2008,43.3
Dominican Republic,DOM,2009,43.47
Dominican Republic,DOM,2010,43.63
Dominican Republic,DOM,2011,43.78
Dominican Republic,DOM,2012,43.91
Dominican Republic,DOM,2013,44.03
Dominican Republic,DOM,2014,44.16
Dominican Republic,DOM,2015,44.27
Dominican Republic,DOM,2016,44.38
Dominican Republic,DOM,2017,44.49
Dominican Republic,DOM,2018,44.59
Dominican Republic,DOM,2019,44.69
Dominican Republic,DOM,2020,44.78
Dominican Republic,DOM,2021,44.86
Dominican Republic,DOM,2022,44.94
Eastern and South-Eastern Asia (UN),,2000,67.83
Eastern and South-Eastern Asia (UN),,2001,68.33
Eastern and South-Eastern Asia (UN),,2002,69.59
Eastern and South-Eastern Asia (UN),,2003,70.35
Eastern and South-Eastern Asia (UN),,2004,71.09
Eastern and South-Eastern Asia (UN),,2005,71.81
Eastern and South-Eastern Asia (UN),,2006,72.51
Eastern and South-Eastern Asia (UN),,2007,73.19
Eastern and South-Eastern Asia (UN),,2008,73.86
Eastern and South-Eastern Asia (UN),,2009,74.5
Eastern and South-Eastern Asia (UN),,2010,75.12
Eastern and South-Eastern Asia (UN),,2011,70.37
Eastern and South-Eastern Asia (UN),,2012,71.2
Eastern and South-Eastern Asia (UN),,2013,72.03
Eastern and South-Eastern Asia (UN),,2014,72.85
Eastern and South-Eastern Asia (UN),,2015,73.65
Eastern and South-Eastern Asia (UN),,2016,74.45
Eastern and South-Eastern Asia (UN),,2017,75.24
Eastern and South-Eastern Asia (UN),,2018,76.01
Eastern and South-Eastern Asia (UN),,2019,76.76
Eastern and South-Eastern Asia (UN),,2020,77.48
Eastern and South-Eastern Asia (UN),,2021,78.15
Eastern and South-Eastern Asia (UN),,2022,78.51
Ecuador,ECU,2000,58.2
Ecuador,ECU,2001,58.76
Ecuador,ECU,2002,59.27
Ecuador,ECU,2003,59.74
Ecuador,ECU,2004,60.22
Ecuador,ECU,2005,60.7
Ecuador,ECU,2006,61.17
Ecuador,ECU,2007,61.65
Ecuador,ECU,2008,62.12
Ecuador,ECU,2009,62.6
Ecuador,ECU,2010,63.07
Ecuador,ECU,2011,63.54
Ecuador,ECU,2012,64
Ecuador,ECU,2013,64.46
Ecuador,ECU,2014,64.92
Ecuador,ECU,2015,65.37
Ecuador,ECU,2016,65.83
Ecuador,ECU,2017,66.18
Ecuador,ECU,2018,66.39
Ecuador,ECU,2019,66.61
Ecuador,ECU,2020,66.83
Ecuador,ECU,2021,67.04
Ecuador,ECU,2022,67.09
Estonia,EST,2000,91.68
Estonia,EST,2001,92.01
Estonia,EST,2002,92.34
Estonia,EST,2003,92.67
Estonia,EST,2004,93.01
Estonia,EST,2005,93.36
Estonia,EST,2006,93.7
Estonia,EST,2007,94.06
Estonia,EST,2008,94.41
Estonia,EST,2009,94.77
Estonia,EST,2010,95.14
Estonia,EST,2011,95.5
Estonia,EST,2012,95.89
Estonia,EST,2013,96.28
Estonia,EST,2014,96.68
Estonia,EST,2015,96.85
Estonia,EST,2016,96.88
Estonia,EST,2017,96.91
Estonia,EST,2018,96.94
Estonia,EST,2019,96.98
Estonia,EST,2020,97
Estonia,EST,2021,97.01
Estonia,EST,2022,97.02
Ethiopia,ETH,2000,5.04
Ethiopia,ETH,2001,5.43
Ethiopia,ETH,2002,5.59
Ethiopia,ETH,2003,5.78
Ethiopia,ETH,2004,5.98
Ethiopia,ETH,2005,6.19
Ethiopia,ETH,2006,6.43
Ethiopia,ETH,2007,6.68
Ethiopia,ETH,2008,7.02
Ethiopia,ETH,2009,7.37
Ethiopia,ETH,2010,7.74
Ethiopia,ETH,2011,8.13
Ethiopia,ETH,2012,8.54
Ethiopia,ETH,2013,8.96
Ethiopia,ETH,2014,9.39
Ethiopia,ETH,2015,9.84
Ethiopia,ETH,2016,10.31
Ethiopia,ETH,2017,10.79
Ethiopia,ETH,2018,11.29
Ethiopia,ETH,2019,11.81
Ethiopia,ETH,2020,12.34
Ethiopia,ETH,2021,12.88
Ethiopia,ETH,2022,13.24
Europe (UN),,2000,88.93
Europe (UN),,2001,89.03
Europe (UN),,2002,89.15
Europe (UN),,2003,89.29
Europe (UN),,2004,89.63
Europe (UN),,2005,90.59
Europe (UN),,2006,90.92
Europe (UN),,2007,91.26
Europe (UN),,2008,91.63
Europe (UN),,2009,91.95
Europe (UN),,2010,92.23
Europe (UN),,2011,92.5
Europe (UN),,2012,92.73
Europe (UN),,2013,92.94
Europe (UN),,2014,92.98
Europe (UN),,2015,93.01
Europe (UN),,2016,93.04
Europe (UN),,2017,93.07
Europe (UN),,2018,93.1
Europe (UN),,2019,93.14
Europe (UN),,2020,93.15
Europe (UN),,2021,93.17
Europe (UN),,2022,93.2
Europe and Northern America (UN),,2000,91.91
Europe and Northern America (UN),,2001,91.98
Europe and Northern America (UN),,2002,92.05
Europe and Northern America (UN),,2003,92.11
Europe and Northern America (UN),,2004,92.37
Europe and Northern America (UN),,2005,92.64
Europe and Northern America (UN),,2006,92.67
Europe and Northern America (UN),,2007,93.48
Europe and Northern America (UN),,2008,93.75
Europe and Northern America (UN),,2009,93.99
Europe and Northern America (UN),,2010,94.24
Europe and Northern America (UN),,2011,94.48
Europe and Northern America (UN),,2012,94.71
Europe and Northern America (UN),,2013,94.92
Europe and Northern America (UN),,2014,95
Europe and Northern America (UN),,2015,95.05
Europe and Northern America (UN),,2016,95.11
Europe and Northern America (UN),,2017,95.16
Europe and Northern America (UN),,2018,95.22
Europe and Northern America (UN),,2019,95.27
Europe and Northern America (UN),,2020,95.31
Europe and Northern America (UN),,2021,94.22
Europe and Northern America (UN),,2022,94.33
Fiji,FJI,2000,39.23
Fiji,FJI,2001,39.33
Fiji,FJI,2002,39.43
Fiji,FJI,2003,39.53
Fiji,FJI,2004,39.63
Fiji,FJI,2005,39.73
Fiji,FJI,2006,39.83
Fiji,FJI,2007,39.93
Fiji,FJI,2008,40.05
Fiji,FJI,2009,40.18
Fiji,FJI,2010,40.31
Fiji,FJI,2011,40.44
Fiji,FJI,2012,40.57
Fiji,FJI,2013,40.7
Fiji,FJI,2014,40.83
Fiji,FJI,2015,40.96
Fiji,FJI,2016,41.09
Fiji,FJI,2017,41.22
Fiji,FJI,2018,41.35
Fiji,FJI,2019,41.48
Fiji,FJI,2020,41.61
Fiji,FJI,2021,41.74
Fiji,FJI,2022,41.86
Finland,FIN,2000,93.81
Finland,FIN,2001,94.21
Finland,FIN,2002,94.6
Finland,FIN,2003,95
Finland,FIN,2004,95.4
Finland,FIN,2005,95.8
Finland,FIN,2006,96.19
Finland,FIN,2007,96.59
Finland,FIN,2008,96.99
Finland,FIN,2009,97.38
Finland,FIN,2010,97.78
Finland,FIN,2011,98.18
Finland,FIN,2012,98.58
Finland,FIN,2013,98.97
Finland,FIN,2014,99.37
Finland,FIN,2015,99.63
Finland,FIN,2016,99.63
Finland,FIN,2017,99.63
Finland,FIN,2018,99.63
Finland,FIN,2019,99.64
Finland,FIN,2020,99.64
Finland,FIN,2021,99.64
Finland,FIN,2022,99.64
France,FRA,2000,97.36
France,FRA,2001,97.35
France,FRA,2002,97.35
France,FRA,2003,97.35
France,FRA,2004,97.47
France,FRA,2005,97.59
France,FRA,2006,97.71
France,FRA,2007,97.83
France,FRA,2008,97.96
France,FRA,2009,98.08
France,FRA,2010,98.21
France,FRA,2011,98.33
France,FRA,2012,98.46
France,FRA,2013,98.59
France,FRA,2014,98.72
France,FRA,2015,98.85
France,FRA,2016,98.98
France,FRA,2017,99.11
France,FRA,2018,99.24
France,FRA,2019,99.38
France,FRA,2020,99.51
France,FRA,2021,99.64
France,FRA,2022,99.7
French Guiana,GUF,2001,89.11
French Guiana,GUF,2002,89.11
French Guiana,GUF,2003,89.11
French Guiana,GUF,2004,89.11
French Guiana,GUF,2005,89.11
French Guiana,GUF,2006,89.25
French Guiana,GUF,2007,89.4
French Guiana,GUF,2008,89.55
French Guiana,GUF,2009,89.7
French Guiana,GUF,2010,89.85
French Guiana,GUF,2011,90
French Guiana,GUF,2012,90.14
French Guiana,GUF,2013,90.29
French Guiana,GUF,2014,90.44
French Guiana,GUF,2015,90.59
French Guiana,GUF,2016,90.74
French Guiana,GUF,2017,90.89
French Guiana,GUF,2018,91.04
French Guiana,GUF,2019,91.19
French Guiana,GUF,2020,91.34
French Guiana,GUF,2021,91.49
French Guiana,GUF,2022,91.49
French Polynesia,PYF,2000,92.03
French Polynesia,PYF,2001,92.03
French Polynesia,PYF,2002,92.03
French Polynesia,PYF,2003,92.03
French Polynesia,PYF,2004,92.03
French Polynesia,PYF,2005,92.03
French Polynesia,PYF,2006,92.03
French Polynesia,PYF,2007,92.03
French Polynesia,PYF,2008,92.03
French Polynesia,PYF,2009,92.03
French Polynesia,PYF,2010,92.03
French Polynesia,PYF,2011,91.18
French Polynesia,PYF,2012,90.33
French Polynesia,PYF,2013,89.48
French Polynesia,PYF,2014,88.62
French Polynesia,PYF,2015,87.77
French Polynesia,PYF,2016,86.92
French Polynesia,PYF,2017,86.07
French Polynesia,PYF,2018,85.22
French Polynesia,PYF,2019,84.37
French Polynesia,PYF,2020,83.52
French Polynesia,PYF,2021,82.66
French Polynesia,PYF,2022,81.81
Gambia,GMB,2000,21.77
Gambia,GMB,2001,23.05
Gambia,GMB,2002,24.35
Gambia,GMB,2003,25.67
Gambia,GMB,2004,26.94
Gambia,GMB,2005,28.24
Gambia,GMB,2006,29.56
Gambia,GMB,2007,30.91
Gambia,GMB,2008,32.27
Gambia,GMB,2009,33.65
Gambia,GMB,2010,35.05
Gambia,GMB,2011,36.47
Gambia,GMB,2012,37.92
Gambia,GMB,2013,39.38
Gambia,GMB,2014,40.86
Gambia,GMB,2015,42.35
Gambia,GMB,2016,43.86
Gambia,GMB,2017,44.66
Gambia,GMB,2018,45.28
Gambia,GMB,2019,45.89
Gambia,GMB,2020,46.5
Gambia,GMB,2021,47.09
Gambia,GMB,2022,47.67
Georgia,GEO,2000,64.12
Georgia,GEO,2001,64.06
Georgia,GEO,2002,64.15
Georgia,GEO,2003,64.4
Georgia,GEO,2004,64.65
Georgia,GEO,2005,64.9
Georgia,GEO,2006,65.15
Georgia,GEO,2007,65.4
Georgia,GEO,2008,65.65
Georgia,GEO,2009,65.9
Georgia,GEO,2010,66.15
Georgia,GEO,2011,66.39
Georgia,GEO,2012,66.64
Georgia,GEO,2013,66.88
Georgia,GEO,2014,67.13
Georgia,GEO,2015,67.37
Georgia,GEO,2016,67.61
Georgia,GEO,2017,67.86
Georgia,GEO,2018,68.11
Georgia,GEO,2019,68.37
Georgia,GEO,2020,68.62
Georgia,GEO,2021,68.88
Georgia,GEO,2022,69.14
Germany,DEU,2000,99.84
Germany,DEU,2001,99.84
Germany,DEU,2002,99.84
Germany,DEU,2003,99.84
Germany,DEU,2004,99.85
Germany,DEU,2005,99.86
Germany,DEU,2006,99.86
Germany,DEU,2007,99.87
Germany,DEU,2008,99.88
Germany,DEU,2009,99.88
Germany,DEU,2010,99.88
Germany,DEU,2011,99.88
Germany,DEU,2012,99.89
Germany,DEU,2013,99.89
Germany,DEU,2014,99.89
Germany,DEU,2015,99.9
Germany,DEU,2016,99.9
Germany,DEU,2017,99.9
Germany,DEU,2018,99.91
Germany,DEU,2019,99.91
Germany,DEU,2020,99.91
Germany,DEU,2021,99.92
Germany,DEU,2022,99.92
Ghana,GHA,2000,12.1
Ghana,GHA,2001,12.34
Ghana,GHA,2002,13.28
Ghana,GHA,2003,14.41
Ghana,GHA,2004,15.81
Ghana,GHA,2005,17.24
Ghana,GHA,2006,18.7
Ghana,GHA,2007,20.19
Ghana,GHA,2008,21.72
Ghana,GHA,2009,23.27
Ghana,GHA,2010,24.86
Ghana,GHA,2011,26.48
Ghana,GHA,2012,28.13
Ghana,GHA,2013,29.81
Ghana,GHA,2014,31.51
Ghana,GHA,2015,33.25
Ghana,GHA,2016,35.01
Ghana,GHA,2017,36.8
Ghana,GHA,2018,38.62
Ghana,GHA,2019,40.47
Ghana,GHA,2020,42.34
Ghana,GHA,2021,43.6
Ghana,GHA,2022,44.47
Gibraltar,GIB,2000,100
Gibraltar,GIB,2001,100
Gibraltar,GIB,2002,100
Gibraltar,GIB,2003,100
Gibraltar,GIB,2004,100
Gibraltar,GIB,2005,100
Gibraltar,GIB,2006,100
Gibraltar,GIB,2007,100
Gibraltar,GIB,2008,100
Gibraltar,GIB,2009,100
Gibraltar,GIB,2010,100
Gibraltar,GIB,2011,100
Gibraltar,GIB,2012,100
Gibraltar,GIB,2013,100
Gibraltar,GIB,2014,100
Gibraltar,GIB,2015,100
Gibraltar,GIB,2016,100
Gibraltar,GIB,2017,100
Gibraltar,GIB,2018,100
Gibraltar,GIB,2019,100
Gibraltar,GIB,2020,100
Gibraltar,GIB,2021,100
Gibraltar,GIB,2022,100
Greece,GRC,2000,99.15
Greece,GRC,2001,99.22
Greece,GRC,2002,99.29
Greece,GRC,2003,99.36
Greece,GRC,2004,99.42
Greece,GRC,2005,99.49
Greece,GRC,2006,99.47
Greece,GRC,2007,99.45
Greece,GRC,2008,99.42
Greece,GRC,2009,99.39
Greece,GRC,2010,99.36
Greece,GRC,2011,99.33
Greece,GRC,2012,99.3
Greece,GRC,2013,99.27
Greece,GRC,2014,99.23
Greece,GRC,2015,99.18
Greece,GRC,2016,99.13
Greece,GRC,2017,99.08
Greece,GRC,2018,99.03
Greece,GRC,2019,98.98
Greece,GRC,2020,98.93
Greece,GRC,2021,98.88
Greece,GRC,2022,98.88
Grenada,GRD,2000,78.72
Grenada,GRD,2001,79.61
Grenada,GRD,2002,80.5
Grenada,GRD,2003,81.4
Grenada,GRD,2004,82.3
Grenada,GRD,2005,83.21
Grenada,GRD,2006,84.12
Grenada,GRD,2007,85.03
Grenada,GRD,2008,85.94
Grenada,GRD,2009,86.84
Grenada,GRD,2010,87.74
Grenada,GRD,2011,88.65
Grenada,GRD,2012,89.44
Grenada,GRD,2013,89.81
Grenada,GRD,2014,89.92
Grenada,GRD,2015,89.92
Grenada,GRD,2016,89.92
Grenada,GRD,2017,89.92
Guadeloupe,GLP,2001,98.23
Guadeloupe,GLP,2002,98.23
Guadeloupe,GLP,2003,98.23
Guadeloupe,GLP,2004,98.23
Guadeloupe,GLP,2005,98.23
Guadeloupe,GLP,2006,98.28
Guadeloupe,GLP,2007,98.33
Guadeloupe,GLP,2008,98.37
Guadeloupe,GLP,2009,98.42
Guadeloupe,GLP,2010,98.47
Guadeloupe,GLP,2011,98.51
Guadeloupe,GLP,2012,98.56
Guadeloupe,GLP,2013,98.28
Guadeloupe,GLP,2014,98
Guadeloupe,GLP,2015,97.72
Guadeloupe,GLP,2016,97.44
Guadeloupe,GLP,2017,97.16
Guadeloupe,GLP,2018,96.88
Guadeloupe,GLP,2019,96.6
Guadeloupe,GLP,2020,96.32
Guadeloupe,GLP,2021,96.04
Guadeloupe,GLP,2022,95.71
Guam,GUM,2000,98.77
Guam,GUM,2001,98.79
Guam,GUM,2002,98.82
Guam,GUM,2003,98.84
Guam,GUM,2004,98.86
Guam,GUM,2005,98.89
Guam,GUM,2006,98.91
Guam,GUM,2007,98.94
Guam,GUM,2008,98.96
Guam,GUM,2009,98.99
Guam,GUM,2010,99.01
Guam,GUM,2011,99.04
Guam,GUM,2012,99.06
Guam,GUM,2013,99.06
Guam,GUM,2014,99.06
Guam,GUM,2015,99.06
Guam,GUM,2016,99.06
Guam,GUM,2017,99.06
Guam,GUM,2018,99.06
Guam,GUM,2019,99.06
Guam,GUM,2020,99.06
Guam,GUM,2021,99.06
Guam,GUM,2022,99.06
Guatemala,GTM,2000,46.82
Guatemala,GTM,2001,47.3
Guatemala,GTM,2002,47.78
Guatemala,GTM,2003,48.26
Guatemala,GTM,2004,48.74
Guatemala,GTM,2005,49.23
Guatemala,GTM,2006,49.71
Guatemala,GTM,2007,50.2
Guatemala,GTM,2008,50.69
Guatemala,GTM,2009,51.18
Guatemala,GTM,2010,51.68
Guatemala,GTM,2011,52.18
Guatemala,GTM,2012,52.68
Guatemala,GTM,2013,53.18
Guatemala,GTM,2014,53.69
Guatemala,GTM,2015,54.21
Guatemala,GTM,2016,54.73
Guatemala,GTM,2017,54.99
Guatemala,GTM,2018,55.25
Guatemala,GTM,2019,55.51
Guatemala,GTM,2020,55.77
Guatemala,GTM,2021,56.03
Guatemala,GTM,2022,56.29
Guinea-Bissau,GNB,2000,17.77
Guinea-Bissau,GNB,2001,18.07
Guinea-Bissau,GNB,2002,18.37
Guinea-Bissau,GNB,2003,18.67
Guinea-Bissau,GNB,2004,18.96
Guinea-Bissau,GNB,2005,19.26
Guinea-Bissau,GNB,2006,19.56
Guinea-Bissau,GNB,2007,19.85
Guinea-Bissau,GNB,2008,20.15
Guinea-Bissau,GNB,2009,20.44
Guinea-Bissau,GNB,2010,20.73
Guinea-Bissau,GNB,2011,21.02
Guinea-Bissau,GNB,2012,21.31
Guinea-Bissau,GNB,2013,21.6
Guinea-Bissau,GNB,2014,21.88
Guinea-Bissau,GNB,2015,22.16
Guinea-Bissau,GNB,2016,22.44
Guinea-Bissau,GNB,2017,22.71
Guinea-Bissau,GNB,2018,22.99
Guinea-Bissau,GNB,2019,23.25
Guinea-Bissau,GNB,2020,23.52
Guinea-Bissau,GNB,2021,23.78
Guinea-Bissau,GNB,2022,23.87
Honduras,HND,2000,41.6
Honduras,HND,2001,41.87
Honduras,HND,2002,42.15
Honduras,HND,2003,43.52
Honduras,HND,2004,44.92
Honduras,HND,2005,46.36
Honduras,HND,2006,47.83
Honduras,HND,2007,49.33
Honduras,HND,2008,50.86
Honduras,HND,2009,52.43
Honduras,HND,2010,54.02
Honduras,HND,2011,55.65
Honduras,HND,2012,57.32
Honduras,HND,2013,59.01
Honduras,HND,2014,60.74
Honduras,HND,2015,62.14
Honduras,HND,2016,62.6
Honduras,HND,2017,63.05
Honduras,HND,2018,63.5
Honduras,HND,2019,63.95
Honduras,HND,2020,64.39
Honduras,HND,2021,64.83
Honduras,HND,2022,65.21
Hong Kong,HKG,2000,98.12
Hong Kong,HKG,2001,98.25
Hong Kong,HKG,2002,98.37
Hong Kong,HKG,2003,98.5
Hong Kong,HKG,2004,98.62
Hong Kong,HKG,2005,98.74
Hong Kong,HKG,2006,98.87
Hong Kong,HKG,2007,98.99
Hong Kong,HKG,2008,99.11
Hong Kong,HKG,2009,99.24
Hong Kong,HKG,2010,99.36
Hong Kong,HKG,2011,99.49
Hong Kong,HKG,2012,99.61
Hong Kong,HKG,2013,99.74
Hong Kong,HKG,2014,99.86
Hong Kong,HKG,2015,99.98
Hong Kong,HKG,2016,100
Hong Kong,HKG,2017,100
Hong Kong,HKG,2018,100
Hong Kong,HKG,2019,100
Hong Kong,HKG,2020,100
Hong Kong,HKG,2021,100
Hong Kong,HKG,2022,100
Hungary,HUN,2000,86.63
Hungary,HUN,2001,86.64
Hungary,HUN,2002,86.68
Hungary,HUN,2003,86.71
Hungary,HUN,2004,86.75
Hungary,HUN,2005,86.79
Hungary,HUN,2006,86.83
Hungary,HUN,2007,86.88
Hungary,HUN,2008,86.93
Hungary,HUN,2009,86.97
Hungary,HUN,2010,87.01
Hungary,HUN,2011,87.05
Hungary,HUN,2012,87.08
Hungary,HUN,2013,88.6
Hungary,HUN,2014,90.11
Hungary,HUN,2015,91.62
Hungary,HUN,2016,93.13
Hungary,HUN,2017,94.62
Hungary,HUN,2018,96.14
Hungary,HUN,2019,97.63
Hungary,HUN,2020,99.11
Hungary,HUN,2021,100
Hungary,HUN,2022,100
Iceland,ISL,2000,90.16
Iceland,ISL,2001,90.69
Iceland,ISL,2002,91.23
Iceland,ISL,2003,91.76
Iceland,ISL,2004,92.3
Iceland,ISL,2005,92.83
Iceland,ISL,2006,93.37
Iceland,ISL,2007,93.9
Iceland,ISL,2008,94.44
Iceland,ISL,2009,94.97
Iceland,ISL,2010,95.51
Iceland,ISL,2011,96.04
Iceland,ISL,2012,96.58
Iceland,ISL,2013,97.11
Iceland,ISL,2014,97.65
Iceland,ISL,2015,98.18
Iceland,ISL,2016,98.72
Iceland,ISL,2017,99.25
Iceland,ISL,2018,99.79
Iceland,ISL,2019,100
Iceland,ISL,2020,100
Iceland,ISL,2021,100
Iceland,ISL,2022,100
Indonesia,IDN,2000,23.54
Indonesia,IDN,2001,23.88
Indonesia,IDN,2002,24.21
Indonesia,IDN,2003,24.54
Indonesia,IDN,2004,24.87
Indonesia,IDN,2005,25.2
Indonesia,IDN,2006,25.53
Indonesia,IDN,2007,25.85
Indonesia,IDN,2008,26.17
Indonesia,IDN,2009,26.49
Indonesia,IDN,2010,26.81
Indonesia,IDN,2011,27.11
Indonesia,IDN,2012,27.41
Indonesia,IDN,2013,27.7
Indonesia,IDN,2014,28
Indonesia,IDN,2015,28.29
Indonesia,IDN,2016,28.58
Indonesia,IDN,2017,28.87
Indonesia,IDN,2018,29.15
Indonesia,IDN,2019,29.43
Indonesia,IDN,2020,29.71
Indonesia,IDN,2021,29.99
Indonesia,IDN,2022,30.27
Iran,IRN,2000,90.34
Iran,IRN,2001,90.57
Iran,IRN,2002,90.79
Iran,IRN,2003,91.01
Iran,IRN,2004,91.23
Iran,IRN,2005,91.44
Iran,IRN,2006,91.64
Iran,IRN,2007,91.84
Iran,IRN,2008,92.03
Iran,IRN,2009,92.21
Iran,IRN,2010,92.39
Iran,IRN,2011,92.56
Iran,IRN,2012,92.73
Iran,IRN,2013,92.9
Iran,IRN,2014,93.06
Iran,IRN,2015,93.22
Iran,IRN,2016,93.37
Iran,IRN,2017,93.52
Iran,IRN,2018,93.67
Iran,IRN,2019,93.81
Iran,IRN,2020,93.95
Iran,IRN,2021,94.09
Iran,IRN,2022,94.22
Iraq,IRQ,2000,50.24
Iraq,IRQ,2001,50.72
Iraq,IRQ,2002,51.19
Iraq,IRQ,2003,51.67
Iraq,IRQ,2004,52.14
Iraq,IRQ,2005,52.62
Iraq,IRQ,2006,53.09
Iraq,IRQ,2007,53.56
Iraq,IRQ,2008,54.03
Iraq,IRQ,2009,54.5
Iraq,IRQ,2010,54.99
Iraq,IRQ,2011,55.48
Iraq,IRQ,2012,55.97
Iraq,IRQ,2013,56.46
Iraq,IRQ,2014,56.95
Iraq,IRQ,2015,57.43
Iraq,IRQ,2016,57.91
Iraq,IRQ,2017,58.4
Iraq,IRQ,2018,58.88
Iraq,IRQ,2019,59.36
Iraq,IRQ,2020,59.66
Iraq,IRQ,2021,59.7
Iraq,IRQ,2022,59.74
Ireland,IRL,2000,64.43
Ireland,IRL,2001,64.54
Ireland,IRL,2002,64.65
Ireland,IRL,2003,64.77
Ireland,IRL,2004,64.9
Ireland,IRL,2005,69.57
Ireland,IRL,2006,74.17
Ireland,IRL,2007,78.7
Ireland,IRL,2008,83.19
Ireland,IRL,2009,87.64
Ireland,IRL,2010,92.05
Ireland,IRL,2011,94.93
Ireland,IRL,2012,95.02
Ireland,IRL,2013,95.11
Ireland,IRL,2014,95.2
Ireland,IRL,2015,95.29
Ireland,IRL,2016,95.38
Ireland,IRL,2017,95.46
Ireland,IRL,2018,95.55
Ireland,IRL,2019,95.7
Ireland,IRL,2020,95.85
Ireland,IRL,2021,96
Ireland,IRL,2022,95.99
Isle of Man,IMN,2009,96.67
Isle of Man,IMN,2010,96.67
Isle of Man,IMN,2011,96.67
Isle of Man,IMN,2012,96.67
Isle of Man,IMN,2013,96.67
Isle of Man,IMN,2014,97
Isle of Man,IMN,2015,97.34
Isle of Man,IMN,2016,97.68
Isle of Man,IMN,2017,98.01
Isle of Man,IMN,2018,98.35
Isle of Man,IMN,2019,98.69
Isle of Man,IMN,2020,99.03
Isle of Man,IMN,2021,99.37
Isle of Man,IMN,2022,99.71
Israel,ISR,2000,99.77
Israel,ISR,2001,99.77
Israel,ISR,2002,99.76
Israel,ISR,2003,99.74
Israel,ISR,2004,99.73
Israel,ISR,2005,99.72
Israel,ISR,2006,99.7
Israel,ISR,2007,99.69
Israel,ISR,2008,99.67
Israel,ISR,2009,99.66
Israel,ISR,2010,99.64
Israel,ISR,2011,99.63
Israel,ISR,2012,99.61
Israel,ISR,2013,99.6
Israel,ISR,2014,99.59
Israel,ISR,2015,99.57
Israel,ISR,2016,99.56
Israel,ISR,2017,99.54
Israel,ISR,2018,99.53
Israel,ISR,2019,99.51
Israel,ISR,2020,99.5
Israel,ISR,2021,99.49
Israel,ISR,2022,99.47
Italy,ITA,2000,94.77
Italy,ITA,2001,94.99
Italy,ITA,2002,95.21
Italy,ITA,2003,95.42
Italy,ITA,2004,95.64
Italy,ITA,2005,95.86
Italy,ITA,2006,96.08
Italy,ITA,2007,96.13
Italy,ITA,2008,95.9
Italy,ITA,2009,95.67
Italy,ITA,2010,95.44
Italy,ITA,2011,95.21
Italy,ITA,2012,94.97
Italy,ITA,2013,94.74
Italy,ITA,2014,94.51
Italy,ITA,2015,94.25
Italy,ITA,2016,93.99
Italy,ITA,2017,93.74
Italy,ITA,2018,93.48
Italy,ITA,2019,93.22
Italy,ITA,2020,92.97
Italy,ITA,2021,92.71
Italy,ITA,2022,92.71
Japan,JPN,2000,97.85
Japan,JPN,2001,97.85
Japan,JPN,2002,97.85
Japan,JPN,2003,97.85
Japan,JPN,2004,97.85
Japan,JPN,2005,97.9
Japan,JPN,2006,97.95
Japan,JPN,2007,98
Japan,JPN,2008,98.04
Japan,JPN,2009,98.09
Japan,JPN,2010,98.14
Japan,JPN,2011,98.19
Japan,JPN,2012,98.23
Japan,JPN,2013,98.28
Japan,JPN,2014,98.33
Japan,JPN,2015,98.37
Japan,JPN,2016,98.42
Japan,JPN,2017,98.47
Japan,JPN,2018,98.52
Japan,JPN,2019,98.56
Japan,JPN,2020,98.61
Japan,JPN,2021,98.66
Japan,JPN,2022,98.66
Jordan,JOR,2000,53.49
Jordan,JOR,2001,53.5
Jordan,JOR,2002,53.5
Jordan,JOR,2003,53.5
Jordan,JOR,2004,53.5
Jordan,JOR,2005,53.46
Jordan,JOR,2006,55.56
Jordan,JOR,2007,57.66
Jordan,JOR,2008,59.78
Jordan,JOR,2009,61.91
Jordan,JOR,2010,64.04
Jordan,JOR,2011,66.18
Jordan,JOR,2012,68.32
Jordan,JOR,2013,70.48
Jordan,JOR,2014,72.63
Jordan,JOR,2015,74.81
Jordan,JOR,2016,76.99
Jordan,JOR,2017,79.17
Jordan,JOR,2018,81.35
Jordan,JOR,2019,83.53
Jordan,JOR,2020,85.72
Jordan,JOR,2021,85.71
Jordan,JOR,2022,85.71
Kazakhstan,KAZ,2000,63.1
Kazakhstan,KAZ,2001,63.37
Kazakhstan,KAZ,2002,64.93
Kazakhstan,KAZ,2003,66.5
Kazakhstan,KAZ,2004,68.09
Kazakhstan,KAZ,2005,69.69
Kazakhstan,KAZ,2006,71.3
Kazakhstan,KAZ,2007,72.93
Kazakhstan,KAZ,2008,74.57
Kazakhstan,KAZ,2009,76.22
Kazakhstan,KAZ,2010,77.88
Kazakhstan,KAZ,2011,79.56
Kazakhstan,KAZ,2012,81.25
Kazakhstan,KAZ,2013,82.91
Kazakhstan,KAZ,2014,84.49
Kazakhstan,KAZ,2015,86.08
Kazakhstan,KAZ,2016,87.69
Kazakhstan,KAZ,2017,89.3
Kazakhstan,KAZ,2018,89.31
Kazakhstan,KAZ,2019,89.32
Kazakhstan,KAZ,2020,89.33
Kazakhstan,KAZ,2021,89.35
Kiribati,KIR,2000,10.17
Kiribati,KIR,2001,10.33
Kiribati,KIR,2002,10.44
Kiribati,KIR,2003,10.55
Kiribati,KIR,2004,10.65
Kiribati,KIR,2005,10.76
Kiribati,KIR,2006,10.92
Kiribati,KIR,2007,11.13
Kiribati,KIR,2008,11.34
Kiribati,KIR,2009,11.55
Kiribati,KIR,2010,11.77
Kiribati,KIR,2011,11.98
Kiribati,KIR,2012,12.2
Kiribati,KIR,2013,12.42
Kiribati,KIR,2014,12.64
Kiribati,KIR,2015,12.87
Kiribati,KIR,2016,13.09
Kiribati,KIR,2017,13.31
Kiribati,KIR,2018,13.53
Kiribati,KIR,2019,13.75
Kiribati,KIR,2020,13.98
Kiribati,KIR,2021,14.2
Kiribati,KIR,2022,14.41
Kuwait,KWT,2000,100
Kuwait,KWT,2001,100
Kuwait,KWT,2002,100
Kuwait,KWT,2003,100
Kuwait,KWT,2004,100
Kuwait,KWT,2005,100
Kuwait,KWT,2006,100
Kuwait,KWT,2007,100
Kuwait,KWT,2008,100
Kuwait,KWT,2009,100
Kuwait,KWT,2010,100
Kuwait,KWT,2011,100
Kuwait,KWT,2012,100
Kuwait,KWT,2013,100
Kuwait,KWT,2014,100
Kuwait,KWT,2015,100
Kuwait,KWT,2016,100
Kuwait,KWT,2017,100
Kuwait,KWT,2018,100
Kuwait,KWT,2019,100
Kuwait,KWT,2020,100
Kuwait,KWT,2021,100
Kuwait,KWT,2022,100
Kyrgyzstan,KGZ,2000,45.66
Kyrgyzstan,KGZ,2001,45.66
Kyrgyzstan,KGZ,2002,45.94
Kyrgyzstan,KGZ,2003,46.23
Kyrgyzstan,KGZ,2004,46.51
Kyrgyzstan,KGZ,2005,48.28
Kyrgyzstan,KGZ,2006,50.09
Kyrgyzstan,KGZ,2007,51.92
Kyrgyzstan,KGZ,2008,53.78
Kyrgyzstan,KGZ,2009,55.67
Kyrgyzstan,KGZ,2010,57.6
Kyrgyzstan,KGZ,2011,59.57
Kyrgyzstan,KGZ,2012,61.57
Kyrgyzstan,KGZ,2013,63.36
Kyrgyzstan,KGZ,2014,65.13
Kyrgyzstan,KGZ,2015,66.93
Kyrgyzstan,KGZ,2016,68.76
Kyrgyzstan,KGZ,2017,70.52
Kyrgyzstan,KGZ,2018,72.31
Kyrgyzstan,KGZ,2019,74.12
Kyrgyzstan,KGZ,2020,76.34
Kyrgyzstan,KGZ,2021,76.41
Kyrgyzstan,KGZ,2022,76.49
Laos,LAO,2000,4.88
Laos,LAO,2001,6.67
Laos,LAO,2002,8.6
Laos,LAO,2003,10.61
Laos,LAO,2004,11.12
Laos,LAO,2005,11.61
Laos,LAO,2006,12.03
Laos,LAO,2007,12.46
Laos,LAO,2008,12.89
Laos,LAO,2009,13.31
Laos,LAO,2010,13.74
Laos,LAO,2011,14.17
Laos,LAO,2012,14.59
Laos,LAO,2013,15.02
Laos,LAO,2014,15.45
Laos,LAO,2015,15.88
Laos,LAO,2016,16.3
Laos,LAO,2017,16.73
Laos,LAO,2018,17.16
Laos,LAO,2019,17.59
Laos,LAO,2020,17.68
Laos,LAO,2021,17.78
Laos,LAO,2022,17.87
Latin America and the Caribbean (UN),,2000,71.03
Latin America and the Caribbean (UN),,2001,71.38
Latin America and the Caribbean (UN),,2002,71.65
Latin America and the Caribbean (UN),,2003,71.92
Latin America and the Caribbean (UN),,2004,72.17
Latin America and the Caribbean (UN),,2005,72.42
Latin America and the Caribbean (UN),,2006,72.67
Latin America and the Caribbean (UN),,2007,72.93
Latin America and the Caribbean (UN),,2008,73.21
Latin America and the Caribbean (UN),,2009,73.49
Latin America and the Caribbean (UN),,2010,73.76
Latin America and the Caribbean (UN),,2011,74.03
Latin America and the Caribbean (UN),,2012,74.3
Latin America and the Caribbean (UN),,2013,74.79
Latin America and the Caribbean (UN),,2014,75.28
Latin America and the Caribbean (UN),,2015,75.32
Latin America and the Caribbean (UN),,2016,75.34
Latin America and the Caribbean (UN),,2017,75.39
Latin America and the Caribbean (UN),,2018,75.43
Latin America and the Caribbean (UN),,2019,75.51
Latin America and the Caribbean (UN),,2020,75.53
Latin America and the Caribbean (UN),,2021,75.37
Latin America and the Caribbean (UN),,2022,75.23
Latvia,LVA,2000,92.38
Latvia,LVA,2001,92.37
Latvia,LVA,2002,92.39
Latvia,LVA,2003,92.43
Latvia,LVA,2004,92.49
Latvia,LVA,2005,92.55
Latvia,LVA,2006,92.64
Latvia,LVA,2007,92.9
Latvia,LVA,2008,93.16
Latvia,LVA,2009,93.44
Latvia,LVA,2010,93.72
Latvia,LVA,2011,94
Latvia,LVA,2012,94.28
Latvia,LVA,2013,94.56
Latvia,LVA,2014,94.84
Latvia,LVA,2015,95.12
Latvia,LVA,2016,95.4
Latvia,LVA,2017,95.68
Latvia,LVA,2018,95.97
Latvia,LVA,2019,96.25
Latvia,LVA,2020,96.54
Latvia,LVA,2021,96.83
Latvia,LVA,2022,97.11
Least Developed Countries (LDCs),,2000,25.24
Least Developed Countries (LDCs),,2001,25.58
Least Developed Countries (LDCs),,2002,25.97
Least Developed Countries (LDCs),,2003,26.38
Least Developed Countries (LDCs),,2004,26.82
Least Developed Countries (LDCs),,2005,27.48
Least Developed Countries (LDCs),,2006,27.98
Least Developed Countries (LDCs),,2007,28.51
Least Developed Countries (LDCs),,2008,29.06
Least Developed Countries (LDCs),,2009,29.62
Least Developed Countries (LDCs),,2010,30.2
Least Developed Countries (LDCs),,2011,30.53
Least Developed Countries (LDCs),,2012,31.18
Least Developed Countries (LDCs),,2013,31.82
Least Developed Countries (LDCs),,2014,32.49
Least Developed Countries (LDCs),,2015,33.17
Least Developed Countries (LDCs),,2016,33.86
Least Developed Countries (LDCs),,2017,34.55
Least Developed Countries (LDCs),,2018,35.24
Least Developed Countries (LDCs),,2019,35.94
Least Developed Countries (LDCs),,2020,36.57
Least Developed Countries (LDCs),,2021,37.23
Least Developed Countries (LDCs),,2022,37.47
Lebanon,LBN,2000,43.48
Lebanon,LBN,2001,43.71
Lebanon,LBN,2002,43.93
Lebanon,LBN,2003,44.16
Lebanon,LBN,2004,44.39
Lebanon,LBN,2005,44.61
Lebanon,LBN,2006,44.84
Lebanon,LBN,2007,45.07
Lebanon,LBN,2008,45.29
Lebanon,LBN,2009,45.52
Lebanon,LBN,2010,45.75
Lebanon,LBN,2011,45.97
Lebanon,LBN,2012,46.2
Lebanon,LBN,2013,46.43
Lebanon,LBN,2014,46.66
Lebanon,LBN,2015,46.88
Lebanon,LBN,2016,47.11
Lebanon,LBN,2017,47.34
Lebanon,LBN,2018,47.56
Lebanon,LBN,2019,47.7
Lebanon,LBN,2020,47.7
Lebanon,LBN,2021,47.7
Lebanon,LBN,2022,47.7
Lesotho,LSO,2000,8.85
Lesotho,LSO,2001,9.72
Lesotho,LSO,2002,10.61
Lesotho,LSO,2003,11.52
Lesotho,LSO,2004,12.46
Lesotho,LSO,2005,13.42
Lesotho,LSO,2006,14.41
Lesotho,LSO,2007,15.37
Lesotho,LSO,2008,16.35
Lesotho,LSO,2009,17.36
Lesotho,LSO,2010,18.39
Lesotho,LSO,2011,19.43
Lesotho,LSO,2012,20.38
Lesotho,LSO,2013,21.23
Lesotho,LSO,2014,22.09
Lesotho,LSO,2015,22.96
Lesotho,LSO,2016,23.84
Lesotho,LSO,2017,24.74
Lesotho,LSO,2018,25.65
Lesotho,LSO,2019,26.58
Lesotho,LSO,2020,27.52
Lesotho,LSO,2021,27.87
Lesotho,LSO,2022,28.22
Liechtenstein,LIE,2000,100
Liechtenstein,LIE,2001,100
Liechtenstein,LIE,2002,100
Liechtenstein,LIE,2003,100
Liechtenstein,LIE,2004,100
Liechtenstein,LIE,2005,100
Liechtenstein,LIE,2006,100
Liechtenstein,LIE,2007,100
Liechtenstein,LIE,2008,100
Liechtenstein,LIE,2009,100
Liechtenstein,LIE,2010,100
Liechtenstein,LIE,2011,100
Liechtenstein,LIE,2012,100
Liechtenstein,LIE,2013,100
Liechtenstein,LIE,2014,100
Liechtenstein,LIE,2015,100
Liechtenstein,LIE,2016,100
Liechtenstein,LIE,2017,100
Liechtenstein,LIE,2018,100
Liechtenstein,LIE,2019,100
Liechtenstein,LIE,2020,100
Liechtenstein,LIE,2021,100
Liechtenstein,LIE,2022,100
Lithuania,LTU,2000,68.38
Lithuania,LTU,2001,68.72
Lithuania,LTU,2002,69.06
Lithuania,LTU,2003,69.4
Lithuania,LTU,2004,71.21
Lithuania,LTU,2005,73.05
Lithuania,LTU,2006,74.92
Lithuania,LTU,2007,76.8
Lithuania,LTU,2008,78.69
Lithuania,LTU,2009,80.59
Lithuania,LTU,2010,82.5
Lithuania,LTU,2011,84.43
Lithuania,LTU,2012,86.38
Lithuania,LTU,2013,88.35
Lithuania,LTU,2014,90.34
Lithuania,LTU,2015,92.34
Lithuania,LTU,2016,93.99
Lithuania,LTU,2017,94.44
Lithuania,LTU,2018,94.87
Lithuania,LTU,2019,94.9
Lithuania,LTU,2020,94.92
Lithuania,LTU,2021,94.95
Lithuania,LTU,2022,94.98
Luxembourg,LUX,2000,99.83
Luxembourg,LUX,2001,99.83
Luxembourg,LUX,2002,99.83
Luxembourg,LUX,2003,99.83
Luxembourg,LUX,2004,99.83
Luxembourg,LUX,2005,99.83
Luxembourg,LUX,2006,99.83
Luxembourg,LUX,2007,99.83
Luxembourg,LUX,2008,99.82
Luxembourg,LUX,2009,99.82
Luxembourg,LUX,2010,99.82
Luxembourg,LUX,2011,99.82
Luxembourg,LUX,2012,99.78
Luxembourg,LUX,2013,99.72
Luxembourg,LUX,2014,99.67
Luxembourg,LUX,2015,99.63
Luxembourg,LUX,2016,99.58
Luxembourg,LUX,2017,99.54
Luxembourg,LUX,2018,99.5
Luxembourg,LUX,2019,99.51
Luxembourg,LUX,2020,99.52
Luxembourg,LUX,2021,99.53
Luxembourg,LUX,2022,99.53
Macao,MAC,2000,99.97
Macao,MAC,2001,99.97
Macao,MAC,2002,99.97
Macao,MAC,2003,99.97
Macao,MAC,2004,99.97
Macao,MAC,2005,99.98
Macao,MAC,2006,99.98
Macao,MAC,2007,99.98
Macao,MAC,2008,99.98
Macao,MAC,2009,99.98
Macao,MAC,2010,99.99
Macao,MAC,2011,99.99
Macao,MAC,2012,99.99
Macao,MAC,2013,99.99
Macao,MAC,2014,99.99
Macao,MAC,2015,100
Macao,MAC,2016,100
Macao,MAC,2017,100
Macao,MAC,2018,100
Macao,MAC,2019,100
Macao,MAC,2020,100
Macao,MAC,2021,100
Macao,MAC,2022,100
Madagascar,MDG,2000,6.93
Madagascar,MDG,2001,7.49
Madagascar,MDG,2002,8.06
Madagascar,MDG,2003,8.65
Madagascar,MDG,2004,9.25
Madagascar,MDG,2005,9.93
Madagascar,MDG,2006,10.64
Madagascar,MDG,2007,11.36
Madagascar,MDG,2008,12.11
Madagascar,MDG,2009,12.87
Madagascar,MDG,2010,13.66
Madagascar,MDG,2011,14.46
Madagascar,MDG,2012,15.29
Madagascar,MDG,2013,16.14
Madagascar,MDG,2014,16.76
Madagascar,MDG,2015,17.39
Madagascar,MDG,2016,18.03
Madagascar,MDG,2017,18.68
Madagascar,MDG,2018,19.36
Madagascar,MDG,2019,20.05
Madagascar,MDG,2020,20.76
Madagascar,MDG,2021,21.49
Madagascar,MDG,2022,22.24
Malawi,MWI,2000,6.93
Malawi,MWI,2001,7.3
Malawi,MWI,2002,7.68
Malawi,MWI,2003,8.07
Malawi,MWI,2004,8.47
Malawi,MWI,2005,8.87
Malawi,MWI,2006,9.29
Malawi,MWI,2007,9.72
Malawi,MWI,2008,10.15
Malawi,MWI,2009,10.6
Malawi,MWI,2010,11.06
Malawi,MWI,2011,11.54
Malawi,MWI,2012,12.03
Malawi,MWI,2013,12.53
Malawi,MWI,2014,13.05
Malawi,MWI,2015,13.59
Malawi,MWI,2016,14.14
Malawi,MWI,2017,14.7
Malawi,MWI,2018,15.28
Malawi,MWI,2019,15.88
Malawi,MWI,2020,16.49
Malawi,MWI,2021,17.11
Malawi,MWI,2022,17.76
Malaysia,MYS,2000,92.58
Malaysia,MYS,2001,92.7
Malaysia,MYS,2002,92.76
Malaysia,MYS,2003,92.83
Malaysia,MYS,2004,92.9
Malaysia,MYS,2005,92.97
Malaysia,MYS,2006,93.04
Malaysia,MYS,2007,93.11
Malaysia,MYS,2008,93.18
Malaysia,MYS,2009,93.25
Malaysia,MYS,2010,93.32
Malaysia,MYS,2011,93.37
Malaysia,MYS,2012,93.42
Malaysia,MYS,2013,93.47
Malaysia,MYS,2014,93.52
Malaysia,MYS,2015,93.57
Malaysia,MYS,2016,93.63
Malaysia,MYS,2017,93.68
Malaysia,MYS,2018,93.72
Malaysia,MYS,2019,93.77
Malaysia,MYS,2020,93.82
Malaysia,MYS,2021,93.86
Malaysia,MYS,2022,93.94
Malta,MLT,2000,100
Malta,MLT,2001,100
Malta,MLT,2002,100
Malta,MLT,2003,100
Malta,MLT,2004,100
Malta,MLT,2005,100
Malta,MLT,2006,100
Malta,MLT,2007,100
Malta,MLT,2008,100
Malta,MLT,2009,100
Malta,MLT,2010,99.98
Malta,MLT,2011,99.97
Malta,MLT,2012,99.95
Malta,MLT,2013,99.93
Malta,MLT,2014,99.91
Malta,MLT,2015,99.9
Malta,MLT,2016,99.88
Malta,MLT,2017,99.86
Malta,MLT,2018,99.84
Malta,MLT,2019,99.83
Malta,MLT,2020,99.81
Malta,MLT,2021,99.79
Malta,MLT,2022,99.77
Martinique,MTQ,2000,99.32
Martinique,MTQ,2001,99.32
Martinique,MTQ,2002,99.32
Martinique,MTQ,2003,99.32
Martinique,MTQ,2004,99.32
Martinique,MTQ,2005,99.32
Martinique,MTQ,2006,99.32
Martinique,MTQ,2007,99.32
Martinique,MTQ,2008,99.28
Martinique,MTQ,2009,99.25
Martinique,MTQ,2010,99.21
Martinique,MTQ,2011,99.17
Martinique,MTQ,2012,99.13
Martinique,MTQ,2013,99.1
Martinique,MTQ,2014,99.06
Martinique,MTQ,2015,99.02
Martinique,MTQ,2016,98.99
Martinique,MTQ,2017,98.95
Martinique,MTQ,2018,98.91
Martinique,MTQ,2019,98.88
Martinique,MTQ,2020,98.84
Martinique,MTQ,2021,98.8
Martinique,MTQ,2022,98.77
Mayotte,MYT,2006,79.37
Mayotte,MYT,2007,79.37
Mayotte,MYT,2008,79.37
Mayotte,MYT,2009,79.13
Mayotte,MYT,2010,79.13
Mayotte,MYT,2011,81.47
Mayotte,MYT,2012,83.81
Mayotte,MYT,2013,86.11
Mayotte,MYT,2014,88.35
Mayotte,MYT,2015,90.58
Mayotte,MYT,2016,92.81
Mayotte,MYT,2017,94.32
Mayotte,MYT,2018,93.88
Mayotte,MYT,2019,93.44
Mayotte,MYT,2020,93.11
Mayotte,MYT,2021,92.79
Mayotte,MYT,2022,92.46
Mexico,MEX,2000,39.59
Mexico,MEX,2001,39.78
Mexico,MEX,2002,39.96
Mexico,MEX,2003,40.14
Mexico,MEX,2004,40.32
Mexico,MEX,2005,40.49
Mexico,MEX,2006,40.67
Mexico,MEX,2007,40.84
Mexico,MEX,2008,41.01
Mexico,MEX,2009,41.18
Mexico,MEX,2010,41.35
Mexico,MEX,2011,41.52
Mexico,MEX,2012,41.68
Mexico,MEX,2013,41.84
Mexico,MEX,2014,42
Mexico,MEX,2015,42.16
Mexico,MEX,2016,42.32
Mexico,MEX,2017,42.48
Mexico,MEX,2018,42.63
Mexico,MEX,2019,42.78
Mexico,MEX,2020,42.89
Mexico,MEX,2021,42.97
Mexico,MEX,2022,43.04
Moldova,MDA,2000,40.35
Moldova,MDA,2001,42.26
Moldova,MDA,2002,44.22
Moldova,MDA,2003,46.22
Moldova,MDA,2004,48.27
Moldova,MDA,2005,50.46
Moldova,MDA,2006,52.77
Moldova,MDA,2007,55.12
Moldova,MDA,2008,57.5
Moldova,MDA,2009,59.91
Moldova,MDA,2010,62.35
Moldova,MDA,2011,64.83
Moldova,MDA,2012,67.34
Moldova,MDA,2013,69.88
Moldova,MDA,2014,72.45
Moldova,MDA,2015,72.77
Moldova,MDA,2016,73.11
Moldova,MDA,2017,73.44
Moldova,MDA,2018,73.79
Moldova,MDA,2019,74.14
Moldova,MDA,2020,74.5
Moldova,MDA,2021,74.86
Moldova,MDA,2022,75.22
Monaco,MCO,2000,100
Monaco,MCO,2001,100
Monaco,MCO,2002,100
Monaco,MCO,2003,100
Monaco,MCO,2004,100
Monaco,MCO,2005,100
Monaco,MCO,2006,100
Monaco,MCO,2007,100
Monaco,MCO,2008,100
Monaco,MCO,2009,100
Monaco,MCO,2010,100
Monaco,MCO,2011,100
Monaco,MCO,2012,100
Monaco,MCO,2013,100
Monaco,MCO,2014,100
Monaco,MCO,2015,100
Monaco,MCO,2016,100
Monaco,MCO,2017,100
Monaco,MCO,2018,100
Monaco,MCO,2019,100
Monaco,MCO,2020,100
Monaco,MCO,2021,100
Monaco,MCO,2022,100
Mongolia,MNG,2000,18.26
Mongolia,MNG,2001,19.22
Mongolia,MNG,2002,20.2
Mongolia,MNG,2003,21.2
Mongolia,MNG,2004,22.22
Mongolia,MNG,2005,23.26
Mongolia,MNG,2006,24.32
Mongolia,MNG,2007,25.39
Mongolia,MNG,2008,26.48
Mongolia,MNG,2009,27.58
Mongolia,MNG,2010,28.7
Mongolia,MNG,2011,29.62
Mongolia,MNG,2012,30.44
Mongolia,MNG,2013,31.27
Mongolia,MNG,2014,32.11
Mongolia,MNG,2015,32.96
Mongolia,MNG,2016,33.82
Mongolia,MNG,2017,34.69
Mongolia,MNG,2018,35.58
Mongolia,MNG,2019,36.48
Mongolia,MNG,2020,37.4
Mongolia,MNG,2021,38.33
Mongolia,MNG,2022,39.28
Montenegro,MNE,2006,83.87
Montenegro,MNE,2007,83.99
Montenegro,MNE,2008,84.08
Montenegro,MNE,2009,84.17
Montenegro,MNE,2010,84.26
Montenegro,MNE,2011,84.35
Montenegro,MNE,2012,84.44
Montenegro,MNE,2013,84.53
Montenegro,MNE,2014,84.62
Montenegro,MNE,2015,84.71
Montenegro,MNE,2016,84.8
Montenegro,MNE,2017,84.89
Montenegro,MNE,2018,84.95
Montenegro,MNE,2019,85.01
Montenegro,MNE,2020,85.07
Montenegro,MNE,2021,85.1
Montenegro,MNE,2022,85.12
Morocco,MAR,2000,41.52
Morocco,MAR,2001,41.96
Morocco,MAR,2002,42.39
Morocco,MAR,2003,42.83
Morocco,MAR,2004,43.26
Morocco,MAR,2005,43.81
Morocco,MAR,2006,44.37
Morocco,MAR,2007,44.93
Morocco,MAR,2008,47.74
Morocco,MAR,2009,50.6
Morocco,MAR,2010,53.52
Morocco,MAR,2011,56.48
Morocco,MAR,2012,59.49
Morocco,MAR,2013,62.55
Morocco,MAR,2014,65.66
Morocco,MAR,2015,68.28
Morocco,MAR,2016,69.9
Morocco,MAR,2017,71.53
Morocco,MAR,2018,73.15
Morocco,MAR,2019,73.58
Morocco,MAR,2020,73.91
Morocco,MAR,2021,74.59
Morocco,MAR,2022,74.82
Myanmar,MMR,2000,27.51
Myanmar,MMR,2001,28.96
Myanmar,MMR,2002,30.43
Myanmar,MMR,2003,31.93
Myanmar,MMR,2004,33.46
Myanmar,MMR,2005,35.01
Myanmar,MMR,2006,36.59
Myanmar,MMR,2007,38.19
Myanmar,MMR,2008,39.82
Myanmar,MMR,2009,41.48
Myanmar,MMR,2010,43.16
Myanmar,MMR,2011,44.67
Myanmar,MMR,2012,45.98
Myanmar,MMR,2013,47.32
Myanmar,MMR,2014,48.66
Myanmar,MMR,2015,50.03
Myanmar,MMR,2016,51.42
Myanmar,MMR,2017,52.82
Myanmar,MMR,2018,54.24
Myanmar,MMR,2019,55.68
Myanmar,MMR,2020,56.77
Myanmar,MMR,2021,57.33
Myanmar,MMR,2022,57.4
Nepal,NPL,2000,26.74
Nepal,NPL,2001,27.04
Nepal,NPL,2002,27.3
Nepal,NPL,2003,27.56
Nepal,NPL,2004,27.82
Nepal,NPL,2005,28.08
Nepal,NPL,2006,28.34
Nepal,NPL,2007,28.59
Nepal,NPL,2008,28.85
Nepal,NPL,2009,29.11
Nepal,NPL,2010,29.36
Nepal,NPL,2011,29.61
Nepal,NPL,2012,29.86
Nepal,NPL,2013,28.43
Nepal,NPL,2014,26.98
Nepal,NPL,2015,25.49
Nepal,NPL,2016,23.99
Nepal,NPL,2017,22.45
Nepal,NPL,2018,20.9
Nepal,NPL,2019,19.31
Nepal,NPL,2020,17.71
Nepal,NPL,2021,16.08
Nepal,NPL,2022,16.12
Netherlands,NLD,2000,99.99
Netherlands,NLD,2001,99.99
Netherlands,NLD,2002,99.99
Netherlands,NLD,2003,99.99
Netherlands,NLD,2004,99.99
Netherlands,NLD,2005,99.99
Netherlands,NLD,2006,99.99
Netherlands,NLD,2007,99.99
Netherlands,NLD,2008,99.98
Netherlands,NLD,2009,99.98
Netherlands,NLD,2010,99.98
Netherlands,NLD,2011,99.98
Netherlands,NLD,2012,99.98
Netherlands,NLD,2013,99.98
Netherlands,NLD,2014,99.98
Netherlands,NLD,2015,99.98
Netherlands,NLD,2016,99.97
Netherlands,NLD,2017,99.97
Netherlands,NLD,2018,99.97
Netherlands,NLD,2019,99.97
Netherlands,NLD,2020,99.97
Netherlands,NLD,2021,99.97
Netherlands,NLD,2022,99.97
New Caledonia,NCL,2000,87.04
New Caledonia,NCL,2001,87.04
New Caledonia,NCL,2002,87.04
New Caledonia,NCL,2003,87.71
New Caledonia,NCL,2004,88.37
New Caledonia,NCL,2005,89.04
New Caledonia,NCL,2006,89.71
New Caledonia,NCL,2007,90.38
New Caledonia,NCL,2008,91.05
New Caledonia,NCL,2009,91.73
New Caledonia,NCL,2010,92.4
New Caledonia,NCL,2011,93.08
New Caledonia,NCL,2012,93.76
New Caledonia,NCL,2013,94.45
New Caledonia,NCL,2014,95.13
New Caledonia,NCL,2015,95.5
New Caledonia,NCL,2016,95.73
New Caledonia,NCL,2017,95.96
New Caledonia,NCL,2018,96.18
New Caledonia,NCL,2019,96.41
New Caledonia,NCL,2020,96.64
New Caledonia,NCL,2021,96.87
New Caledonia,NCL,2022,96.87
New Zealand,NZL,2000,84.39
New Zealand,NZL,2001,84.39
New Zealand,NZL,2002,84.39
New Zealand,NZL,2003,84.39
New Zealand,NZL,2004,84.39
New Zealand,NZL,2005,84.39
New Zealand,NZL,2006,85.37
New Zealand,NZL,2007,86.36
New Zealand,NZL,2008,87.34
New Zealand,NZL,2009,88.32
New Zealand,NZL,2010,89.3
New Zealand,NZL,2011,90.28
New Zealand,NZL,2012,91.26
New Zealand,NZL,2013,92.24
New Zealand,NZL,2014,93.22
New Zealand,NZL,2015,94.2
New Zealand,NZL,2016,95.18
New Zealand,NZL,2017,96.16
New Zealand,NZL,2018,97.14
New Zealand,NZL,2019,98.12
New Zealand,NZL,2020,99.1
New Zealand,NZL,2021,100
New Zealand,NZL,2022,100
Nicaragua,NIC,2000,47.85
Nicaragua,NIC,2001,47.95
Nicaragua,NIC,2002,48.05
Nicaragua,NIC,2003,48.15
Nicaragua,NIC,2004,48.25
Nicaragua,NIC,2005,48.36
Nicaragua,NIC,2006,48.48
Nicaragua,NIC,2007,48.6
Nicaragua,NIC,2008,49.64
Nicaragua,NIC,2009,50.66
Nicaragua,NIC,2010,51.67
Nicaragua,NIC,2011,52.67
Nicaragua,NIC,2012,53.65
Nicaragua,NIC,2013,54.63
Nicaragua,NIC,2014,55.08
Nicaragua,NIC,2015,55.17
Nicaragua,NIC,2016,55.26
Nicaragua,NIC,2017,55.31
Nicaragua,NIC,2018,55.37
Nicaragua,NIC,2019,55.44
Nicaragua,NIC,2020,55.52
Nigeria,NGA,2000,12.6
Nigeria,NGA,2001,12.97
Nigeria,NGA,2002,13.78
Nigeria,NGA,2003,14.61
Nigeria,NGA,2004,15.48
Nigeria,NGA,2005,16.36
Nigeria,NGA,2006,17.27
Nigeria,NGA,2007,18.21
Nigeria,NGA,2008,19.18
Nigeria,NGA,2009,20.17
Nigeria,NGA,2010,21.19
Nigeria,NGA,2011,22.23
Nigeria,NGA,2012,23.2
Nigeria,NGA,2013,23.79
Nigeria,NGA,2014,24.38
Nigeria,NGA,2015,24.97
Nigeria,NGA,2016,25.55
Nigeria,NGA,2017,26.13
Nigeria,NGA,2018,26.71
Nigeria,NGA,2019,27.28
Nigeria,NGA,2020,27.85
Nigeria,NGA,2021,28.42
Nigeria,NGA,2022,28.98
Niue,NIU,2000,98.25
Niue,NIU,2001,98.25
Niue,NIU,2002,98.25
Niue,NIU,2003,98.25
Niue,NIU,2004,98.25
Niue,NIU,2005,98.1
Niue,NIU,2006,97.96
Niue,NIU,2007,97.81
Niue,NIU,2008,97.66
Niue,NIU,2009,97.51
Niue,NIU,2010,97.37
Niue,NIU,2011,97.11
Niue,NIU,2012,96.66
Niue,NIU,2013,96.22
Niue,NIU,2014,95.77
Niue,NIU,2015,95.32
Niue,NIU,2016,94.87
Niue,NIU,2017,94.43
Niue,NIU,2018,93.98
Niue,NIU,2019,93.54
Niue,NIU,2020,93.54
Niue,NIU,2021,93.54
Niue,NIU,2022,93.54
North Korea,PRK,2000,69
North Korea,PRK,2001,69.02
North Korea,PRK,2002,69.04
North Korea,PRK,2003,69.06
North Korea,PRK,2004,69.04
North Korea,PRK,2005,68.83
North Korea,PRK,2006,68.62
North Korea,PRK,2007,68.41
North Korea,PRK,2008,68.21
North Korea,PRK,2009,68.02
North Korea,PRK,2010,67.84
North Korea,PRK,2011,67.66
North Korea,PRK,2012,67.49
North Korea,PRK,2013,67.31
North Korea,PRK,2014,67.13
North Korea,PRK,2015,66.96
North Korea,PRK,2016,66.79
North Korea,PRK,2017,66.63
North Korea,PRK,2018,66.47
North Korea,PRK,2019,66.31
North Korea,PRK,2020,66.38
North Korea,PRK,2021,66.45
North Korea,PRK,2022,66.53
North Macedonia,MKD,2000,80.47
North Macedonia,MKD,2001,80.45
North Macedonia,MKD,2002,80.43
North Macedonia,MKD,2003,80.41
North Macedonia,MKD,2004,80.39
North Macedonia,MKD,2005,80.37
North Macedonia,MKD,2006,80.36
North Macedonia,MKD,2007,80.35
North Macedonia,MKD,2008,80.34
North Macedonia,MKD,2009,80.34
North Macedonia,MKD,2010,80.34
North Macedonia,MKD,2011,80.34
North Macedonia,MKD,2012,80.34
North Macedonia,MKD,2013,80.35
North Macedonia,MKD,2014,80.36
North Macedonia,MKD,2015,80.38
North Macedonia,MKD,2016,80.4
North Macedonia,MKD,2017,80.42
North Macedonia,MKD,2018,80.32
North Macedonia,MKD,2019,80.35
North Macedonia,MKD,2020,80.38
North Macedonia,MKD,2021,80.41
North Macedonia,MKD,2022,80.45
Northern Africa (UN),,2000,64.01
Northern Africa (UN),,2001,64.12
Northern Africa (UN),,2002,64.79
Northern Africa (UN),,2003,65.46
Northern Africa (UN),,2004,66.13
Northern Africa (UN),,2005,66.94
Northern Africa (UN),,2006,67.74
Northern Africa (UN),,2007,68.52
Northern Africa (UN),,2008,69.32
Northern Africa (UN),,2009,70.11
Northern Africa (UN),,2010,70.93
Northern Africa (UN),,2011,71.55
Northern Africa (UN),,2012,72.04
Northern Africa (UN),,2013,72.57
Northern Africa (UN),,2014,73.08
Northern Africa (UN),,2015,73.57
Northern Africa (UN),,2016,74.07
Northern Africa (UN),,2017,74.56
Northern Africa (UN),,2018,74.47
Northern Africa (UN),,2019,74.37
Northern Africa (UN),,2020,74.29
Northern Africa (UN),,2021,74.24
Northern Africa (UN),,2022,74.41
Northern America (UN),,2005,95.39
Northern America (UN),,2006,95.4
Northern America (UN),,2007,95.4
Northern America (UN),,2008,95.41
Northern America (UN),,2009,95.42
Northern America (UN),,2010,95.58
Northern America (UN),,2011,95.74
Northern America (UN),,2012,95.89
Northern America (UN),,2013,96.05
Northern America (UN),,2014,96.2
Northern America (UN),,2015,96.35
Northern America (UN),,2016,96.51
Northern America (UN),,2017,96.66
Northern America (UN),,2018,96.81
Northern America (UN),,2019,96.96
Northern America (UN),,2020,97.1
Northern America (UN),,2021,97.25
Northern America (UN),,2022,97.39
Northern Mariana Islands,MNP,2000,82.03
Northern Mariana Islands,MNP,2001,82.2
Northern Mariana Islands,MNP,2002,82.38
Northern Mariana Islands,MNP,2003,82.56
Northern Mariana Islands,MNP,2004,83.12
Northern Mariana Islands,MNP,2005,83.69
Northern Mariana Islands,MNP,2006,84.26
Northern Mariana Islands,MNP,2007,84.82
Northern Mariana Islands,MNP,2008,85.39
Northern Mariana Islands,MNP,2009,85.97
Northern Mariana Islands,MNP,2010,86.54
Northern Mariana Islands,MNP,2011,87.12
Northern Mariana Islands,MNP,2012,87.69
Northern Mariana Islands,MNP,2013,88.27
Northern Mariana Islands,MNP,2014,88.85
Northern Mariana Islands,MNP,2015,89.43
Northern Mariana Islands,MNP,2016,89.85
Northern Mariana Islands,MNP,2017,90.24
Northern Mariana Islands,MNP,2018,90.64
Northern Mariana Islands,MNP,2019,90.64
Northern Mariana Islands,MNP,2020,90.64
Northern Mariana Islands,MNP,2021,90.64
Northern Mariana Islands,MNP,2022,90.64
Norway,NOR,2000,99.91
Norway,NOR,2001,99.91
Norway,NOR,2002,99.91
Norway,NOR,2003,99.85
Norway,NOR,2004,99.8
Norway,NOR,2005,99.75
Norway,NOR,2006,99.69
Norway,NOR,2007,99.64
Norway,NOR,2008,99.58
Norway,NOR,2009,99.53
Norway,NOR,2010,99.47
Norway,NOR,2011,99.42
Norway,NOR,2012,99.37
Norway,NOR,2013,99.31
Norway,NOR,2014,99.26
Norway,NOR,2015,99.2
Norway,NOR,2016,99.15
Norway,NOR,2017,99.09
Norway,NOR,2018,99.04
Norway,NOR,2019,98.99
Norway,NOR,2020,98.93
Norway,NOR,2021,98.88
Norway,NOR,2022,98.82
Oman,OMN,2000,83.9
Oman,OMN,2001,83.89
Oman,OMN,2002,83.89
Oman,OMN,2003,83.88
Oman,OMN,2004,83.96
Oman,OMN,2005,84.33
Oman,OMN,2006,84.69
Oman,OMN,2007,85.05
Oman,OMN,2008,85.41
Oman,OMN,2009,85.76
Oman,OMN,2010,86.11
Oman,OMN,2011,86.57
Oman,OMN,2012,87.1
Oman,OMN,2013,87.61
Oman,OMN,2014,88.1
Oman,OMN,2015,88.58
Oman,OMN,2016,89.04
Oman,OMN,2017,89.47
Oman,OMN,2018,89.89
Oman,OMN,2019,90.27
Oman,OMN,2020,90.56
Oman,OMN,2021,90.71
Oman,OMN,2022,90.85
Pakistan,PAK,2000,34.83
Pakistan,PAK,2001,34.94
Pakistan,PAK,2002,35.05
Pakistan,PAK,2003,35.16
Pakistan,PAK,2004,35.27
Pakistan,PAK,2005,35.57
Pakistan,PAK,2006,35.87
Pakistan,PAK,2007,36.17
Pakistan,PAK,2008,36.47
Pakistan,PAK,2009,37.47
Pakistan,PAK,2010,38.46
Pakistan,PAK,2011,39.46
Pakistan,PAK,2012,40.46
Pakistan,PAK,2013,41.46
Pakistan,PAK,2014,42.46
Pakistan,PAK,2015,43.47
Pakistan,PAK,2016,44.48
Pakistan,PAK,2017,45.49
Pakistan,PAK,2018,46.5
Pakistan,PAK,2019,47.52
Pakistan,PAK,2020,48.55
Pakistan,PAK,2021,49.57
Pakistan,PAK,2022,50.6
Palau,PLW,2000,65.43
Palau,PLW,2001,66.31
Palau,PLW,2002,67.19
Palau,PLW,2003,68.06
Palau,PLW,2004,69.14
Palau,PLW,2005,70.23
Palau,PLW,2006,71.33
Palau,PLW,2007,72.44
Palau,PLW,2008,73.58
Palau,PLW,2009,74.72
Palau,PLW,2010,75.87
Palau,PLW,2011,77.04
Palau,PLW,2012,78.22
Palau,PLW,2013,79.41
Palau,PLW,2014,80.62
Palau,PLW,2015,81.83
Palau,PLW,2016,83.05
Palau,PLW,2017,84.27
Palau,PLW,2018,85.5
Palau,PLW,2019,86.73
Palau,PLW,2020,87.96
Palau,PLW,2021,89.2
Palau,PLW,2022,90.44
Palestine,PSE,2000,73.14
Palestine,PSE,2001,73.47
Palestine,PSE,2002,73.8
Palestine,PSE,2003,74.13
Palestine,PSE,2004,74.46
Palestine,PSE,2005,74.79
Palestine,PSE,2006,75.12
Palestine,PSE,2007,75.45
Palestine,PSE,2008,75.78
Palestine,PSE,2009,76.11
Palestine,PSE,2010,76.43
Palestine,PSE,2011,76.76
Palestine,PSE,2012,77.09
Palestine,PSE,2013,77.42
Palestine,PSE,2014,77.74
Palestine,PSE,2015,78.07
Palestine,PSE,2016,78.4
Palestine,PSE,2017,78.72
Palestine,PSE,2018,79.05
Palestine,PSE,2019,79.37
Palestine,PSE,2020,79.7
Palestine,PSE,2021,80.02
Palestine,PSE,2022,80.33
Paraguay,PRY,2000,49.84
Paraguay,PRY,2001,50.79
Paraguay,PRY,2002,51.73
Paraguay,PRY,2003,52.57
Paraguay,PRY,2004,53.38
Paraguay,PRY,2005,54.18
Paraguay,PRY,2006,54.97
Paraguay,PRY,2007,55.76
Paraguay,PRY,2008,56.54
Paraguay,PRY,2009,57.32
Paraguay,PRY,2010,58.08
Paraguay,PRY,2011,58.84
Paraguay,PRY,2012,59.6
Paraguay,PRY,2013,60.33
Paraguay,PRY,2014,61.06
Paraguay,PRY,2015,61.78
Paraguay,PRY,2016,62.5
Paraguay,PRY,2017,63.21
Paraguay,PRY,2018,63.92
Paraguay,PRY,2019,64.02
Paraguay,PRY,2020,64.08
Paraguay,PRY,2021,64.15
Paraguay,PRY,2022,64.22
Peru,PER,2000,44.9
Peru,PER,2001,45.3
Peru,PER,2002,45.69
Peru,PER,2003,46.08
Peru,PER,2004,46.47
Peru,PER,2005,46.86
Peru,PER,2006,47.24
Peru,PER,2007,47.61
Peru,PER,2008,47.93
Peru,PER,2009,48.23
Peru,PER,2010,48.52
Peru,PER,2011,48.82
Peru,PER,2012,49.11
Peru,PER,2013,49.4
Peru,PER,2014,49.69
Peru,PER,2015,49.97
Peru,PER,2016,50.26
Peru,PER,2017,50.54
Peru,PER,2018,50.83
Peru,PER,2019,51.12
Peru,PER,2020,51.41
Peru,PER,2021,51.7
Peru,PER,2022,51.99
Philippines,PHL,2000,40.57
Philippines,PHL,2001,40.68
Philippines,PHL,2002,41.83
Philippines,PHL,2003,42.99
Philippines,PHL,2004,44.17
Philippines,PHL,2005,44.53
Philippines,PHL,2006,44.67
Philippines,PHL,2007,44.81
Philippines,PHL,2008,44.95
Philippines,PHL,2009,45.08
Philippines,PHL,2010,45.24
Philippines,PHL,2011,45.45
Philippines,PHL,2012,45.67
Philippines,PHL,2013,45.88
Philippines,PHL,2014,46.1
Philippines,PHL,2015,46.31
Philippines,PHL,2016,46.53
Philippines,PHL,2017,46.75
Philippines,PHL,2018,46.97
Philippines,PHL,2019,47.2
Philippines,PHL,2020,47.43
Philippines,PHL,2021,47.66
Philippines,PHL,2022,47.9
Poland,POL,2005,91.96
Poland,POL,2006,92.34
Poland,POL,2007,92.73
Poland,POL,2008,93.12
Poland,POL,2009,93.51
Poland,POL,2010,93.24
Poland,POL,2011,92.95
Poland,POL,2012,92.66
Poland,POL,2013,92.35
Poland,POL,2014,92.04
Poland,POL,2015,91.71
Poland,POL,2016,91.38
Poland,POL,2017,91.04
Poland,POL,2018,90.69
Poland,POL,2019,90.34
Poland,POL,2020,89.62
Poland,POL,2021,88.91
Poland,POL,2022,88.91
Portugal,PRT,2000,93.66
Portugal,PRT,2001,93.69
Portugal,PRT,2002,93.73
Portugal,PRT,2003,93.76
Portugal,PRT,2004,93.8
Portugal,PRT,2005,93.84
Portugal,PRT,2006,93.88
Portugal,PRT,2007,93.92
Portugal,PRT,2008,93.96
Portugal,PRT,2009,94
Portugal,PRT,2010,94.12
Portugal,PRT,2011,94.24
Portugal,PRT,2012,94.36
Portugal,PRT,2013,94.45
Portugal,PRT,2014,94.54
Portugal,PRT,2015,94.62
Portugal,PRT,2016,94.71
Portugal,PRT,2017,94.79
Portugal,PRT,2018,94.86
Portugal,PRT,2019,94.94
Portugal,PRT,2020,95.01
Portugal,PRT,2021,95.09
Portugal,PRT,2022,95.16
Puerto Rico,PRI,2000,75.13
Puerto Rico,PRI,2001,75.25
Puerto Rico,PRI,2002,75.36
Puerto Rico,PRI,2003,75.47
Puerto Rico,PRI,2004,75.59
Puerto Rico,PRI,2005,75.7
Puerto Rico,PRI,2006,75.82
Puerto Rico,PRI,2007,75.93
Puerto Rico,PRI,2008,76.04
Puerto Rico,PRI,2009,78.83
Puerto Rico,PRI,2010,81.63
Puerto Rico,PRI,2011,84.43
Puerto Rico,PRI,2012,87.25
Puerto Rico,PRI,2013,90.07
Puerto Rico,PRI,2014,92.9
Puerto Rico,PRI,2015,95.73
Puerto Rico,PRI,2016,98.58
Puerto Rico,PRI,2017,99.45
Puerto Rico,PRI,2018,99.74
Puerto Rico,PRI,2019,99.87
Puerto Rico,PRI,2020,99.87
Puerto Rico,PRI,2021,99.87
Puerto Rico,PRI,2022,99.87
Qatar,QAT,2000,96.34
Qatar,QAT,2001,96.34
Qatar,QAT,2002,96.34
Qatar,QAT,2003,96.34
Qatar,QAT,2004,96.34
Qatar,QAT,2005,96.34
Qatar,QAT,2006,96.34
Qatar,QAT,2007,96.34
Qatar,QAT,2008,96.34
Qatar,QAT,2009,96.69
Qatar,QAT,2010,97.03
Qatar,QAT,2011,97.38
Qatar,QAT,2012,97.72
Qatar,QAT,2013,97.58
Qatar,QAT,2014,97.42
Qatar,QAT,2015,97.27
Qatar,QAT,2016,97.11
Qatar,QAT,2017,96.95
Qatar,QAT,2018,96.79
Qatar,QAT,2019,96.64
Qatar,QAT,2020,96.64
Qatar,QAT,2021,96.65
Qatar,QAT,2022,96.65
Reunion,REU,2000,97.27
Reunion,REU,2001,97.27
Reunion,REU,2002,97.27
Reunion,REU,2003,97.27
Reunion,REU,2004,97.27
Reunion,REU,2005,97.27
Reunion,REU,2006,97.29
Reunion,REU,2007,97.3
Reunion,REU,2008,97.31
Reunion,REU,2009,97.33
Reunion,REU,2010,97.34
Reunion,REU,2011,97.21
Reunion,REU,2012,97.08
Reunion,REU,2013,96.95
Reunion,REU,2014,96.82
Reunion,REU,2015,96.69
Reunion,REU,2016,96.55
Reunion,REU,2017,96.42
Reunion,REU,2018,96.29
Reunion,REU,2019,96.16
Reunion,REU,2020,96.03
Reunion,REU,2021,95.9
Reunion,REU,2022,95.75
Romania,ROU,2000,81.65
Romania,ROU,2001,81.61
Romania,ROU,2002,81.59
Romania,ROU,2003,81.63
Romania,ROU,2004,81.66
Romania,ROU,2005,81.7
Romania,ROU,2006,81.74
Romania,ROU,2007,81.77
Romania,ROU,2008,81.81
Romania,ROU,2009,81.85
Romania,ROU,2010,81.89
Romania,ROU,2011,81.92
Romania,ROU,2012,81.93
Romania,ROU,2013,81.92
Romania,ROU,2014,81.91
Romania,ROU,2015,81.9
Romania,ROU,2016,81.91
Romania,ROU,2017,81.92
Romania,ROU,2018,81.93
Romania,ROU,2019,81.96
Romania,ROU,2020,81.99
Romania,ROU,2021,82.03
Romania,ROU,2022,82.07
Russia,RUS,2000,74.74
Russia,RUS,2001,74.74
Russia,RUS,2002,74.79
Russia,RUS,2003,74.85
Russia,RUS,2004,74.91
Russia,RUS,2005,74.97
Russia,RUS,2006,75.03
Russia,RUS,2007,75.09
Russia,RUS,2008,75.15
Russia,RUS,2009,75.21
Russia,RUS,2010,75.27
Russia,RUS,2011,75.33
Russia,RUS,2012,75.4
Russia,RUS,2013,75.47
Russia,RUS,2014,75.54
Russia,RUS,2015,75.61
Russia,RUS,2016,75.69
Russia,RUS,2017,75.77
Russia,RUS,2018,75.86
Russia,RUS,2019,75.95
Russia,RUS,2020,76.04
Russia,RUS,2021,76.14
Russia,RUS,2022,76.23
Saint Barthlemy,,2000,99.1
Saint Barthlemy,,2001,99.1
Saint Barthlemy,,2002,99.1
Saint Barthlemy,,2003,99.1
Saint Barthlemy,,2004,99.1
Saint Barthlemy,,2005,99.17
Saint Barthlemy,,2006,99.24
Saint Barthlemy,,2007,99.31
Saint Barthlemy,,2008,99.38
Saint Barthlemy,,2009,99.46
Saint Barthlemy,,2010,99.53
Saint Barthlemy,,2011,99.6
Saint Barthlemy,,2012,99.67
Saint Barthlemy,,2013,99.74
Saint Barthlemy,,2014,99.81
Saint Barthlemy,,2015,99.88
Saint Barthlemy,,2016,99.96
Saint Barthlemy,,2017,100
Saint Barthlemy,,2018,100
Saint Barthlemy,,2019,100
Saint Barthlemy,,2020,100
Saint Barthlemy,,2021,100
Saint Barthlemy,,2022,100
Saint Helena,SHN,2002,88.69
Saint Helena,SHN,2003,88.69
Saint Helena,SHN,2004,88.69
Saint Helena,SHN,2005,88.69
Saint Helena,SHN,2006,88.69
Saint Helena,SHN,2007,88.73
Saint Helena,SHN,2008,88.78
Saint Helena,SHN,2009,88.82
Saint Helena,SHN,2010,88.87
Saint Helena,SHN,2011,88.91
Saint Helena,SHN,2012,88.96
Saint Helena,SHN,2013,89
Saint Helena,SHN,2014,89.05
Saint Helena,SHN,2015,89.09
Saint Helena,SHN,2016,89.14
Saint Helena,SHN,2017,89.18
Saint Helena,SHN,2018,89.23
Saint Helena,SHN,2019,89.23
Saint Helena,SHN,2020,89.23
Saint Helena,SHN,2021,89.23
Saint Helena,SHN,2022,89.23
Saint Martin (French part),MAF,2000,96.7
Saint Martin (French part),MAF,2001,96.7
Saint Martin (French part),MAF,2002,96.7
Saint Martin (French part),MAF,2003,96.7
Saint Martin (French part),MAF,2004,96.7
Saint Martin (French part),MAF,2005,96.7
Saint Martin (French part),MAF,2006,96.7
Saint Martin (French part),MAF,2007,96.7
Saint Martin (French part),MAF,2008,96.7
Saint Martin (French part),MAF,2009,96.7
Saint Martin (French part),MAF,2010,96.7
Saint Martin (French part),MAF,2011,96.69
Saint Martin (French part),MAF,2012,96.69
Saint Martin (French part),MAF,2013,96.68
Saint Martin (French part),MAF,2014,96.67
Saint Martin (French part),MAF,2015,96.67
Saint Martin (French part),MAF,2016,96.66
Saint Martin (French part),MAF,2017,96.65
Saint Martin (French part),MAF,2018,96.65
Saint Martin (French part),MAF,2019,96.64
Saint Martin (French part),MAF,2020,96.64
Saint Martin (French part),MAF,2021,96.63
Saint Martin (French part),MAF,2022,96.63
Saint Pierre and Miquelon,SPM,2007,83.13
Saint Pierre and Miquelon,SPM,2008,83.13
Saint Pierre and Miquelon,SPM,2009,83.13
Saint Pierre and Miquelon,SPM,2010,83.13
Saint Pierre and Miquelon,SPM,2011,83.13
Saint Pierre and Miquelon,SPM,2012,83.13
Saint Pierre and Miquelon,SPM,2013,83.13
Saint Pierre and Miquelon,SPM,2014,83.13
Saint Pierre and Miquelon,SPM,2015,83.13
Saint Pierre and Miquelon,SPM,2016,83.13
Saint Pierre and Miquelon,SPM,2017,83.13
Saint Pierre and Miquelon,SPM,2018,83.13
Saint Pierre and Miquelon,SPM,2019,83.13
Saint Pierre and Miquelon,SPM,2020,83.13
Samoa,WSM,2000,60.5
Samoa,WSM,2001,60.53
Samoa,WSM,2002,60.49
Samoa,WSM,2003,60.43
Samoa,WSM,2004,60.36
Samoa,WSM,2005,60.47
Samoa,WSM,2006,60.59
Samoa,WSM,2007,60.7
Samoa,WSM,2008,60.82
Samoa,WSM,2009,60.93
Samoa,WSM,2010,61.05
Samoa,WSM,2011,61.16
Samoa,WSM,2012,61.27
Samoa,WSM,2013,61.51
Samoa,WSM,2014,61.62
Samoa,WSM,2015,61.71
Samoa,WSM,2016,61.81
Samoa,WSM,2017,61.91
Samoa,WSM,2018,62.02
Samoa,WSM,2019,62.08
Samoa,WSM,2020,62.11
Samoa,WSM,2021,62.15
Samoa,WSM,2022,62.19
San Marino,SMR,2000,100
San Marino,SMR,2001,100
San Marino,SMR,2002,100
San Marino,SMR,2003,100
San Marino,SMR,2004,100
San Marino,SMR,2005,100
San Marino,SMR,2006,100
San Marino,SMR,2007,100
San Marino,SMR,2008,100
San Marino,SMR,2009,100
San Marino,SMR,2010,100
San Marino,SMR,2011,100
San Marino,SMR,2012,100
San Marino,SMR,2013,100
San Marino,SMR,2014,100
San Marino,SMR,2015,100
San Marino,SMR,2016,100
San Marino,SMR,2017,100
San Marino,SMR,2018,100
San Marino,SMR,2019,100
San Marino,SMR,2020,100
San Marino,SMR,2021,100
San Marino,SMR,2022,100
Sao Tome and Principe,STP,2000,25.76
Sao Tome and Principe,STP,2001,26.22
Sao Tome and Principe,STP,2002,26.72
Sao Tome and Principe,STP,2003,27.22
Sao Tome and Principe,STP,2004,27.73
Sao Tome and Principe,STP,2005,28.24
Sao Tome and Principe,STP,2006,28.76
Sao Tome and Principe,STP,2007,29.28
Sao Tome and Principe,STP,2008,29.8
Sao Tome and Principe,STP,2009,30.33
Sao Tome and Principe,STP,2010,30.86
Sao Tome and Principe,STP,2011,31.4
Sao Tome and Principe,STP,2012,31.94
Sao Tome and Principe,STP,2013,32.47
Sao Tome and Principe,STP,2014,33.01
Sao Tome and Principe,STP,2015,33.54
Sao Tome and Principe,STP,2016,34.07
Sao Tome and Principe,STP,2017,34.6
Sao Tome and Principe,STP,2018,35.13
Sao Tome and Principe,STP,2019,35.54
Sao Tome and Principe,STP,2020,35.87
Sao Tome and Principe,STP,2021,36.19
Sao Tome and Principe,STP,2022,36.3
Senegal,SEN,2000,20.03
Senegal,SEN,2001,20.26
Senegal,SEN,2002,20.5
Senegal,SEN,2003,20.78
Senegal,SEN,2004,21.09
Senegal,SEN,2005,21.4
Senegal,SEN,2006,21.72
Senegal,SEN,2007,22.03
Senegal,SEN,2008,22.34
Senegal,SEN,2009,22.65
Senegal,SEN,2010,22.96
Senegal,SEN,2011,23.27
Senegal,SEN,2012,23.58
Senegal,SEN,2013,23.89
Senegal,SEN,2014,24.19
Senegal,SEN,2015,24.5
Senegal,SEN,2016,24.81
Senegal,SEN,2017,25.12
Senegal,SEN,2018,25.43
Senegal,SEN,2019,25.75
Senegal,SEN,2020,26.06
Senegal,SEN,2021,26.38
Senegal,SEN,2022,26.69
Serbia,SRB,2000,74.34
Serbia,SRB,2001,74.38
Serbia,SRB,2002,74.42
Serbia,SRB,2003,74.46
Serbia,SRB,2004,74.5
Serbia,SRB,2005,74.54
Serbia,SRB,2006,74.58
Serbia,SRB,2007,74.62
Serbia,SRB,2008,74.66
Serbia,SRB,2009,74.69
Serbia,SRB,2010,74.73
Serbia,SRB,2011,74.77
Serbia,SRB,2012,74.8
Serbia,SRB,2013,74.82
Serbia,SRB,2014,74.84
Serbia,SRB,2015,74.87
Serbia,SRB,2016,74.89
Serbia,SRB,2017,74.91
Serbia,SRB,2018,74.94
Serbia,SRB,2019,74.97
Serbia,SRB,2020,75.01
Serbia,SRB,2021,75.04
Serbia,SRB,2022,75.08
Sierra Leone,SLE,2000,5.19
Sierra Leone,SLE,2001,5.31
Sierra Leone,SLE,2002,5.49
Sierra Leone,SLE,2003,5.67
Sierra Leone,SLE,2004,5.87
Sierra Leone,SLE,2005,6.07
Sierra Leone,SLE,2006,6.28
Sierra Leone,SLE,2007,6.5
Sierra Leone,SLE,2008,6.72
Sierra Leone,SLE,2009,6.95
Sierra Leone,SLE,2010,7.18
Sierra Leone,SLE,2011,7.42
Sierra Leone,SLE,2012,7.66
Sierra Leone,SLE,2013,7.9
Sierra Leone,SLE,2014,8.15
Sierra Leone,SLE,2015,8.4
Sierra Leone,SLE,2016,8.66
Sierra Leone,SLE,2017,8.92
Sierra Leone,SLE,2018,9.18
Sierra Leone,SLE,2019,9.44
Sierra Leone,SLE,2020,9.71
Sierra Leone,SLE,2021,9.99
Sierra Leone,SLE,2022,10.26
Singapore,SGP,2000,100
Singapore,SGP,2001,100
Singapore,SGP,2002,100
Singapore,SGP,2003,100
Singapore,SGP,2004,100
Singapore,SGP,2005,100
Singapore,SGP,2006,100
Singapore,SGP,2007,100
Singapore,SGP,2008,100
Singapore,SGP,2009,100
Singapore,SGP,2010,100
Singapore,SGP,2011,100
Singapore,SGP,2012,100
Singapore,SGP,2013,100
Singapore,SGP,2014,100
Singapore,SGP,2015,100
Singapore,SGP,2016,100
Singapore,SGP,2017,100
Singapore,SGP,2018,100
Singapore,SGP,2019,100
Singapore,SGP,2020,100
Singapore,SGP,2021,100
Singapore,SGP,2022,100
Slovakia,SVK,2000,92.18
Slovakia,SVK,2001,92.18
Slovakia,SVK,2002,92.81
Slovakia,SVK,2003,93.45
Slovakia,SVK,2004,94.09
Slovakia,SVK,2005,94.73
Slovakia,SVK,2006,95.36
Slovakia,SVK,2007,96.01
Slovakia,SVK,2008,96.65
Slovakia,SVK,2009,97.29
Slovakia,SVK,2010,97.93
Slovakia,SVK,2011,98.58
Slovakia,SVK,2012,98.83
Slovakia,SVK,2013,98.86
Slovakia,SVK,2014,98.9
Slovakia,SVK,2015,98.94
Slovakia,SVK,2016,98.97
Slovakia,SVK,2017,99.01
Slovakia,SVK,2018,99.04
Slovakia,SVK,2019,99.08
Slovakia,SVK,2020,99.11
Slovakia,SVK,2021,99.15
Slovakia,SVK,2022,99.18
Slovenia,SVN,2000,91.11
Slovenia,SVN,2001,91.11
Slovenia,SVN,2002,91.11
Slovenia,SVN,2003,91.11
Slovenia,SVN,2004,91.11
Slovenia,SVN,2005,91.11
Slovenia,SVN,2006,91.11
Slovenia,SVN,2007,91.11
Slovenia,SVN,2008,91.11
Slovenia,SVN,2009,91.11
Slovenia,SVN,2010,91.79
Slovenia,SVN,2011,92.47
Slovenia,SVN,2012,93.15
Slovenia,SVN,2013,93.83
Slovenia,SVN,2014,94.51
Slovenia,SVN,2015,95.19
Slovenia,SVN,2016,95.87
Slovenia,SVN,2017,96.55
Slovenia,SVN,2018,97.23
Slovenia,SVN,2019,97.91
Slovenia,SVN,2020,98.27
Slovenia,SVN,2021,98.27
Slovenia,SVN,2022,98.27
Small Island Developing States (SIDS),,2000,54.85
Small Island Developing States (SIDS),,2001,55.27
Small Island Developing States (SIDS),,2002,54.77
Small Island Developing States (SIDS),,2003,54.75
Small Island Developing States (SIDS),,2004,54.7
Small Island Developing States (SIDS),,2005,54.75
Small Island Developing States (SIDS),,2006,54.85
Small Island Developing States (SIDS),,2007,54.99
Small Island Developing States (SIDS),,2008,55.13
Small Island Developing States (SIDS),,2009,55.29
Small Island Developing States (SIDS),,2010,55.43
Small Island Developing States (SIDS),,2011,55.53
Small Island Developing States (SIDS),,2012,55.61
Small Island Developing States (SIDS),,2013,55.7
Small Island Developing States (SIDS),,2014,55.78
Small Island Developing States (SIDS),,2015,55.84
Small Island Developing States (SIDS),,2016,55.92
Small Island Developing States (SIDS),,2017,55.96
Small Island Developing States (SIDS),,2018,55.86
Small Island Developing States (SIDS),,2019,55.98
Small Island Developing States (SIDS),,2020,55.99
Small Island Developing States (SIDS),,2021,55.92
Small Island Developing States (SIDS),,2022,55.99
South Korea,KOR,2002,97.11
South Korea,KOR,2003,97.11
South Korea,KOR,2004,97.11
South Korea,KOR,2005,97.11
South Korea,KOR,2006,97.11
South Korea,KOR,2007,97.27
South Korea,KOR,2008,97.44
South Korea,KOR,2009,97.6
South Korea,KOR,2010,97.77
South Korea,KOR,2011,97.93
South Korea,KOR,2012,98.1
South Korea,KOR,2013,98.27
South Korea,KOR,2014,98.43
South Korea,KOR,2015,98.58
South Korea,KOR,2016,98.69
South Korea,KOR,2017,98.8
South Korea,KOR,2018,98.91
South Korea,KOR,2019,99.02
South Korea,KOR,2020,99.13
South Korea,KOR,2021,99.21
South Korea,KOR,2022,99.28
Spain,ESP,2000,99.35
Spain,ESP,2001,99.35
Spain,ESP,2002,99.39
Spain,ESP,2003,99.42
Spain,ESP,2004,99.46
Spain,ESP,2005,99.49
Spain,ESP,2006,99.53
Spain,ESP,2007,99.56
Spain,ESP,2008,99.6
Spain,ESP,2009,99.6
Spain,ESP,2010,99.61
Spain,ESP,2011,99.61
Spain,ESP,2012,99.6
Spain,ESP,2013,99.57
Spain,ESP,2014,99.54
Spain,ESP,2015,99.55
Spain,ESP,2016,99.55
Spain,ESP,2017,99.55
Spain,ESP,2018,99.56
Spain,ESP,2019,99.56
Spain,ESP,2020,99.56
Spain,ESP,2021,99.56
Spain,ESP,2022,99.57
Sri Lanka,LKA,2000,44.69
Sri Lanka,LKA,2001,44.82
Sri Lanka,LKA,2002,44.95
Sri Lanka,LKA,2003,45.08
Sri Lanka,LKA,2004,45.21
Sri Lanka,LKA,2005,45.34
Sri Lanka,LKA,2006,45.53
Sri Lanka,LKA,2007,45.72
Sri Lanka,LKA,2008,45.9
Sri Lanka,LKA,2009,46.09
Sri Lanka,LKA,2010,46.28
Sri Lanka,LKA,2011,46.47
Sri Lanka,LKA,2012,46.66
Sri Lanka,LKA,2013,46.86
Sri Lanka,LKA,2014,47.07
Sri Lanka,LKA,2015,47.29
Sri Lanka,LKA,2016,47.52
Sri Lanka,LKA,2017,47.75
Sri Lanka,LKA,2018,48
Sri Lanka,LKA,2019,47.83
Sri Lanka,LKA,2020,47.59
Sri Lanka,LKA,2021,47.36
Sri Lanka,LKA,2022,47.13
Sub-Saharan Africa (UN),,2000,16.89
Sub-Saharan Africa (UN),,2001,17.21
Sub-Saharan Africa (UN),,2002,17.69
Sub-Saharan Africa (UN),,2003,18.19
Sub-Saharan Africa (UN),,2004,18.75
Sub-Saharan Africa (UN),,2005,19.32
Sub-Saharan Africa (UN),,2006,19.94
Sub-Saharan Africa (UN),,2007,20.59
Sub-Saharan Africa (UN),,2008,21.31
Sub-Saharan Africa (UN),,2009,22.04
Sub-Saharan Africa (UN),,2010,22.81
Sub-Saharan Africa (UN),,2011,23.36
Sub-Saharan Africa (UN),,2012,24.18
Sub-Saharan Africa (UN),,2013,25.02
Sub-Saharan Africa (UN),,2014,25.91
Sub-Saharan Africa (UN),,2015,26.83
Sub-Saharan Africa (UN),,2016,27.75
Sub-Saharan Africa (UN),,2017,28.66
Sub-Saharan Africa (UN),,2018,29.24
Sub-Saharan Africa (UN),,2019,29.82
Sub-Saharan Africa (UN),,2020,30.37
Sub-Saharan Africa (UN),,2021,30.93
Sub-Saharan Africa (UN),,2022,31.35
Suriname,SUR,2000,51.58
Suriname,SUR,2001,51.82
Suriname,SUR,2002,52.05
Suriname,SUR,2003,52.28
Suriname,SUR,2004,52.52
Suriname,SUR,2005,52.71
Suriname,SUR,2006,52.9
Suriname,SUR,2007,53.1
Suriname,SUR,2008,53.29
Suriname,SUR,2009,53.48
Suriname,SUR,2010,53.68
Suriname,SUR,2011,53.87
Suriname,SUR,2012,54.07
Suriname,SUR,2013,54.26
Suriname,SUR,2014,54.46
Suriname,SUR,2015,54.67
Suriname,SUR,2016,54.88
Suriname,SUR,2017,55.09
Suriname,SUR,2018,55.31
Suriname,SUR,2019,55.53
Suriname,SUR,2020,55.76
Suriname,SUR,2021,55.78
Suriname,SUR,2022,55.8
Sweden,SWE,2000,99.39
Sweden,SWE,2001,99.4
Sweden,SWE,2002,99.42
Sweden,SWE,2003,99.43
Sweden,SWE,2004,99.44
Sweden,SWE,2005,99.45
Sweden,SWE,2006,99.47
Sweden,SWE,2007,99.48
Sweden,SWE,2008,99.49
Sweden,SWE,2009,99.51
Sweden,SWE,2010,99.53
Sweden,SWE,2011,99.55
Sweden,SWE,2012,99.57
Sweden,SWE,2013,99.59
Sweden,SWE,2014,99.61
Sweden,SWE,2015,99.63
Sweden,SWE,2016,99.65
Sweden,SWE,2017,99.67
Sweden,SWE,2018,99.69
Sweden,SWE,2019,99.71
Sweden,SWE,2020,99.73
Sweden,SWE,2021,99.74
Sweden,SWE,2022,99.74
Switzerland,CHE,2000,96.7
Switzerland,CHE,2001,96.7
Switzerland,CHE,2002,96.7
Switzerland,CHE,2003,96.7
Switzerland,CHE,2004,96.7
Switzerland,CHE,2005,96.7
Switzerland,CHE,2006,96.7
Switzerland,CHE,2007,96.7
Switzerland,CHE,2008,96.7
Switzerland,CHE,2009,96.7
Switzerland,CHE,2010,96.7
Switzerland,CHE,2011,96.7
Switzerland,CHE,2012,96.7
Switzerland,CHE,2013,96.7
Switzerland,CHE,2014,96.7
Switzerland,CHE,2015,96.7
Switzerland,CHE,2016,96.7
Switzerland,CHE,2017,96.7
Switzerland,CHE,2018,96.7
Switzerland,CHE,2019,96.7
Switzerland,CHE,2020,96.7
Switzerland,CHE,2021,96.7
Switzerland,CHE,2022,96.7
Tajikistan,TJK,2000,35.99
Tajikistan,TJK,2001,37.02
Tajikistan,TJK,2002,38.08
Tajikistan,TJK,2003,39.16
Tajikistan,TJK,2004,40.26
Tajikistan,TJK,2005,41.39
Tajikistan,TJK,2006,42.55
Tajikistan,TJK,2007,43.73
Tajikistan,TJK,2008,44.93
Tajikistan,TJK,2009,46.16
Tajikistan,TJK,2010,47.41
Tajikistan,TJK,2011,48.52
Tajikistan,TJK,2012,49.37
Tajikistan,TJK,2013,50.21
Tajikistan,TJK,2014,51.05
Tajikistan,TJK,2015,51.89
Tajikistan,TJK,2016,52.72
Tajikistan,TJK,2017,53.56
Tajikistan,TJK,2018,54.39
Tajikistan,TJK,2019,55.21
Tajikistan,TJK,2020,55.24
Tajikistan,TJK,2021,55.26
Tajikistan,TJK,2022,55.29
Tanzania,TZA,2000,1.43
Tanzania,TZA,2001,1.47
Tanzania,TZA,2002,1.52
Tanzania,TZA,2003,1.58
Tanzania,TZA,2004,2.28
Tanzania,TZA,2005,3.03
Tanzania,TZA,2006,3.84
Tanzania,TZA,2007,5.47
Tanzania,TZA,2008,7.01
Tanzania,TZA,2009,7.48
Tanzania,TZA,2010,7.76
Tanzania,TZA,2011,8.04
Tanzania,TZA,2012,8.32
Tanzania,TZA,2013,8.61
Tanzania,TZA,2014,8.9
Tanzania,TZA,2015,9.19
Tanzania,TZA,2016,9.49
Tanzania,TZA,2017,9.79
Tanzania,TZA,2018,10.09
Tanzania,TZA,2019,10.4
Tanzania,TZA,2020,10.71
Tanzania,TZA,2021,11.02
Tanzania,TZA,2022,11.34
Togo,TGO,2000,7.45
Togo,TGO,2001,7.57
Togo,TGO,2002,7.69
Togo,TGO,2003,7.81
Togo,TGO,2004,7.93
Togo,TGO,2005,8.05
Togo,TGO,2006,8.18
Togo,TGO,2007,8.31
Togo,TGO,2008,8.43
Togo,TGO,2009,8.56
Togo,TGO,2010,8.69
Togo,TGO,2011,13.1
Togo,TGO,2012,15.16
Togo,TGO,2013,15.6
Togo,TGO,2014,16.05
Togo,TGO,2015,16.5
Togo,TGO,2016,16.96
Togo,TGO,2017,17.42
Togo,TGO,2018,17.89
Togo,TGO,2019,18.36
Togo,TGO,2020,18.84
Togo,TGO,2021,19.13
Togo,TGO,2022,19.42
Tonga,TON,2000,29.24
Tonga,TON,2001,29.25
Tonga,TON,2002,29.26
Tonga,TON,2003,29.26
Tonga,TON,2004,29.27
Tonga,TON,2005,29.29
Tonga,TON,2006,29.32
Tonga,TON,2007,29.34
Tonga,TON,2008,29.37
Tonga,TON,2009,29.4
Tonga,TON,2010,29.43
Tonga,TON,2011,29.46
Tonga,TON,2012,29.47
Tonga,TON,2013,29.47
Tonga,TON,2014,29.47
Tonga,TON,2015,29.47
Tonga,TON,2016,29.47
Tonga,TON,2017,29.47
Tonga,TON,2018,29.47
Tonga,TON,2019,29.48
Tonga,TON,2020,29.49
Tonga,TON,2021,29.51
Tonga,TON,2022,29.53
Tunisia,TUN,2000,71.81
Tunisia,TUN,2001,72.11
Tunisia,TUN,2002,72.4
Tunisia,TUN,2003,72.69
Tunisia,TUN,2004,72.98
Tunisia,TUN,2005,73.23
Tunisia,TUN,2006,73.49
Tunisia,TUN,2007,73.74
Tunisia,TUN,2008,73.99
Tunisia,TUN,2009,74.24
Tunisia,TUN,2010,74.48
Tunisia,TUN,2011,74.72
Tunisia,TUN,2012,75.14
Tunisia,TUN,2013,75.56
Tunisia,TUN,2014,75.97
Tunisia,TUN,2015,76.38
Tunisia,TUN,2016,76.71
Tunisia,TUN,2017,76.03
Tunisia,TUN,2018,75.34
Tunisia,TUN,2019,74.63
Tunisia,TUN,2020,73.91
Tunisia,TUN,2021,74.11
Tunisia,TUN,2022,74.3
Turkmenistan,TKM,2000,66.67
Turkmenistan,TKM,2001,67.86
Turkmenistan,TKM,2002,69.06
Turkmenistan,TKM,2003,70.27
Turkmenistan,TKM,2004,71.5
Turkmenistan,TKM,2005,73.17
Turkmenistan,TKM,2006,74.87
Turkmenistan,TKM,2007,76.58
Turkmenistan,TKM,2008,78.31
Turkmenistan,TKM,2009,80.05
Turkmenistan,TKM,2010,81.8
Turkmenistan,TKM,2011,83.57
Turkmenistan,TKM,2012,85.35
Turkmenistan,TKM,2013,87.15
Turkmenistan,TKM,2014,88.94
Turkmenistan,TKM,2015,90.75
Turkmenistan,TKM,2016,92.28
Turkmenistan,TKM,2017,93.68
Turkmenistan,TKM,2018,94.79
Turkmenistan,TKM,2019,94.81
Turkmenistan,TKM,2020,94.83
Turkmenistan,TKM,2021,94.86
Turkmenistan,TKM,2022,94.88
Turks and Caicos Islands,TCA,2016,47.22
Turks and Caicos Islands,TCA,2017,47.2
Turks and Caicos Islands,TCA,2018,47.17
Turks and Caicos Islands,TCA,2019,47.15
Turks and Caicos Islands,TCA,2020,47.13
Turks and Caicos Islands,TCA,2021,47.1
Turks and Caicos Islands,TCA,2022,47.09
Tuvalu,TUV,2000,7.67
Tuvalu,TUV,2001,7.69
Tuvalu,TUV,2002,7.72
Tuvalu,TUV,2003,7.76
Tuvalu,TUV,2004,7.81
Tuvalu,TUV,2005,7.87
Tuvalu,TUV,2006,7.92
Tuvalu,TUV,2007,7.97
Tuvalu,TUV,2008,8.03
Tuvalu,TUV,2009,8.08
Tuvalu,TUV,2010,8.14
Tuvalu,TUV,2011,8.19
Tuvalu,TUV,2012,8.24
Tuvalu,TUV,2013,8.3
Tuvalu,TUV,2014,8.35
Tuvalu,TUV,2015,8.4
Tuvalu,TUV,2016,8.45
Tuvalu,TUV,2017,8.49
Tuvalu,TUV,2018,8.54
Tuvalu,TUV,2019,8.58
Tuvalu,TUV,2020,8.63
Tuvalu,TUV,2021,8.67
Tuvalu,TUV,2022,8.71
Uganda,UGA,2000,2.3
Uganda,UGA,2001,2.74
Uganda,UGA,2002,3.28
Uganda,UGA,2003,3.84
Uganda,UGA,2004,4.43
Uganda,UGA,2005,5.03
Uganda,UGA,2006,5.66
Uganda,UGA,2007,6.31
Uganda,UGA,2008,6.98
Uganda,UGA,2009,7.67
Uganda,UGA,2010,8.38
Uganda,UGA,2011,9.12
Uganda,UGA,2012,9.88
Uganda,UGA,2013,10.66
Uganda,UGA,2014,11.46
Uganda,UGA,2015,12.29
Uganda,UGA,2016,13.13
Uganda,UGA,2017,14
Uganda,UGA,2018,14.9
Uganda,UGA,2019,15.81
Uganda,UGA,2020,16.75
Uganda,UGA,2021,17.7
Uganda,UGA,2022,18.68
Ukraine,UKR,2000,66.54
Ukraine,UKR,2001,66.56
Ukraine,UKR,2002,66.63
Ukraine,UKR,2003,66.74
Ukraine,UKR,2004,69.35
Ukraine,UKR,2005,71.96
Ukraine,UKR,2006,74.54
Ukraine,UKR,2007,77.09
Ukraine,UKR,2008,79.63
Ukraine,UKR,2009,82.14
Ukraine,UKR,2010,84.62
Ukraine,UKR,2011,87.09
Ukraine,UKR,2012,89.56
Ukraine,UKR,2013,89.56
Ukraine,UKR,2014,89.01
Ukraine,UKR,2015,88.84
Ukraine,UKR,2016,88.67
Ukraine,UKR,2017,88.5
Ukraine,UKR,2018,88.32
Ukraine,UKR,2019,88.15
Ukraine,UKR,2020,87.98
Ukraine,UKR,2021,87.77
Ukraine,UKR,2022,87.62
United Kingdom,GBR,2000,100
United Kingdom,GBR,2001,100
United Kingdom,GBR,2002,100
United Kingdom,GBR,2003,100
United Kingdom,GBR,2004,100
United Kingdom,GBR,2005,100
United Kingdom,GBR,2006,100
United Kingdom,GBR,2007,99.99
United Kingdom,GBR,2008,99.97
United Kingdom,GBR,2009,99.96
United Kingdom,GBR,2010,99.95
United Kingdom,GBR,2011,99.94
United Kingdom,GBR,2012,99.93
United Kingdom,GBR,2013,99.91
United Kingdom,GBR,2014,99.9
United Kingdom,GBR,2015,99.89
United Kingdom,GBR,2016,99.88
United Kingdom,GBR,2017,99.86
United Kingdom,GBR,2018,99.85
United Kingdom,GBR,2019,99.84
United Kingdom,GBR,2020,99.83
United Kingdom,GBR,2021,99.82
United Kingdom,GBR,2022,99.8
United States,USA,2005,95.36
United States,USA,2006,95.36
United States,USA,2007,95.37
United States,USA,2008,95.38
United States,USA,2009,95.39
United States,USA,2010,95.56
United States,USA,2011,95.72
United States,USA,2012,95.89
United States,USA,2013,96.05
United States,USA,2014,96.21
United States,USA,2015,96.37
United States,USA,2016,96.54
United States,USA,2017,96.69
United States,USA,2018,96.85
United States,USA,2019,97.01
United States,USA,2020,97.16
United States,USA,2021,97.32
United States,USA,2022,97.47
United States Virgin Islands,VIR,2000,97.58
United States Virgin Islands,VIR,2001,97.61
United States Virgin Islands,VIR,2002,97.64
United States Virgin Islands,VIR,2003,97.67
United States Virgin Islands,VIR,2004,97.7
United States Virgin Islands,VIR,2005,97.73
United States Virgin Islands,VIR,2006,97.76
United States Virgin Islands,VIR,2007,97.79
United States Virgin Islands,VIR,2008,97.82
United States Virgin Islands,VIR,2009,97.85
United States Virgin Islands,VIR,2010,97.88
United States Virgin Islands,VIR,2011,97.91
United States Virgin Islands,VIR,2012,97.94
United States Virgin Islands,VIR,2013,97.94
United States Virgin Islands,VIR,2014,97.94
United States Virgin Islands,VIR,2015,97.94
United States Virgin Islands,VIR,2016,97.94
United States Virgin Islands,VIR,2017,97.94
United States Virgin Islands,VIR,2018,97.94
United States Virgin Islands,VIR,2019,97.94
United States Virgin Islands,VIR,2020,97.94
Uzbekistan,UZB,2000,53.77
Uzbekistan,UZB,2001,55.11
Uzbekistan,UZB,2002,56.46
Uzbekistan,UZB,2003,57.79
Uzbekistan,UZB,2004,59.12
Uzbekistan,UZB,2005,60.44
Uzbekistan,UZB,2006,61.75
Uzbekistan,UZB,2007,63.05
Uzbekistan,UZB,2008,64.35
Uzbekistan,UZB,2009,65.63
Uzbekistan,UZB,2010,66.91
Uzbekistan,UZB,2011,68.07
Uzbekistan,UZB,2012,69.12
Uzbekistan,UZB,2013,70.18
Uzbekistan,UZB,2014,71.25
Uzbekistan,UZB,2015,72.34
Uzbekistan,UZB,2016,73.43
Uzbekistan,UZB,2017,74.54
Uzbekistan,UZB,2018,75.66
Uzbekistan,UZB,2019,76.77
Uzbekistan,UZB,2020,77.79
Uzbekistan,UZB,2021,78.81
Uzbekistan,UZB,2022,79.85
Vietnam,VNM,2000,45.64
Vietnam,VNM,2001,46.2
Vietnam,VNM,2002,46.77
Vietnam,VNM,2003,47.33
Vietnam,VNM,2004,47.9
Vietnam,VNM,2005,48.46
Vietnam,VNM,2006,49.02
Vietnam,VNM,2007,49.58
Vietnam,VNM,2008,50.14
Vietnam,VNM,2009,50.7
Vietnam,VNM,2010,51.26
Vietnam,VNM,2011,51.81
Vietnam,VNM,2012,52.37
Vietnam,VNM,2013,52.93
Vietnam,VNM,2014,53.48
Vietnam,VNM,2015,54.03
Vietnam,VNM,2016,54.58
Vietnam,VNM,2017,55.12
Vietnam,VNM,2018,55.66
Vietnam,VNM,2019,56.2
Vietnam,VNM,2020,56.73
Vietnam,VNM,2021,57.26
Vietnam,VNM,2022,57.78
Wallis and Futuna,WLF,2000,69.15
Wallis and Futuna,WLF,2001,69.15
Wallis and Futuna,WLF,2002,69.13
Wallis and Futuna,WLF,2003,69.12
Wallis and Futuna,WLF,2004,69.11
Wallis and Futuna,WLF,2005,69.09
Wallis and Futuna,WLF,2006,69.08
Wallis and Futuna,WLF,2007,69.07
Wallis and Futuna,WLF,2008,69.05
Wallis and Futuna,WLF,2009,69.04
Wallis and Futuna,WLF,2010,69.03
Wallis and Futuna,WLF,2011,69.01
Wallis and Futuna,WLF,2012,69
Wallis and Futuna,WLF,2013,68.99
Wallis and Futuna,WLF,2014,68.97
Wallis and Futuna,WLF,2015,68.96
Wallis and Futuna,WLF,2016,68.95
Wallis and Futuna,WLF,2017,68.93
Wallis and Futuna,WLF,2018,68.92
Wallis and Futuna,WLF,2019,68.91
Wallis and Futuna,WLF,2020,68.89
Wallis and Futuna,WLF,2021,68.88
Wallis and Futuna,WLF,2022,68.88
World,OWID_WRL,2000,60.82
World,OWID_WRL,2001,61.13
World,OWID_WRL,2002,61.8
World,OWID_WRL,2003,62.36
World,OWID_WRL,2004,62.97
World,OWID_WRL,2005,63.66
World,OWID_WRL,2006,63.95
World,OWID_WRL,2007,64.63
World,OWID_WRL,2008,64.88
World,OWID_WRL,2009,65.4
World,OWID_WRL,2010,65.9
World,OWID_WRL,2011,66.43
World,OWID_WRL,2012,67.05
World,OWID_WRL,2013,67.72
World,OWID_WRL,2014,68.38
World,OWID_WRL,2015,69.06
World,OWID_WRL,2016,69.72
World,OWID_WRL,2017,70.38
World,OWID_WRL,2018,71.02
World,OWID_WRL,2019,71.66
World,OWID_WRL,2020,72.25
World,OWID_WRL,2021,72.49
World,OWID_WRL,2022,72.93
Zimbabwe,ZWE,2000,29.19
Zimbabwe,ZWE,2001,29.34
Zimbabwe,ZWE,2002,29.48
Zimbabwe,ZWE,2003,29.45
Zimbabwe,ZWE,2004,29.39
Zimbabwe,ZWE,2005,29.19
Zimbabwe,ZWE,2006,29
Zimbabwe,ZWE,2007,28.8
Zimbabwe,ZWE,2008,28.61
Zimbabwe,ZWE,2009,28.41
Zimbabwe,ZWE,2010,28.21
Zimbabwe,ZWE,2011,28.01
Zimbabwe,ZWE,2012,27.82
Zimbabwe,ZWE,2013,27.62
Zimbabwe,ZWE,2014,27.43
Zimbabwe,ZWE,2015,27.26
Zimbabwe,ZWE,2016,27.09
Zimbabwe,ZWE,2017,26.94
Zimbabwe,ZWE,2018,26.81
Zimbabwe,ZWE,2019,26.68
Zimbabwe,ZWE,2020,26.57
Zimbabwe,ZWE,2021,26.48
Zimbabwe,ZWE,2022,26.52